Name,Price,Producer,MPN,EAN,UPC,Resolution,Refresh Rate,Size,Panel,Response Time,HDMI,DisplayPort,DVI,VGA,Speaker,Curved,Adjustable Height,Sync,Product Page
Acer CB242Y bir,$166.76 USD,Acer,UM.QB2AA.001,0744759158536,193199329202,1920 x 1080,75 Hz,"23.8""",IPS,1,1,0,0,1,True,False,True,FreeSync,https://www.amazon.ca/dp/B07V9ZM155?tag=pckombo04b-20&linkCode=osi&th=1&psc=1
Acer CB242Y bmiprx,,Acer,UM.QB2EE.001,4710180458268,,1920 x 1080,75 Hz,"23.8""",IPS,1,1,1,0,1,True,False,True,FreeSync,
AOC 24G2U,,AOC,24G2U/BK,4038986146944,,1920 x 1080,144 Hz,"23.8""",IPS,5,0,0,0,0,True,False,True,FreeSync,
AOC 27G2U,,AOC,27G2U/BK,4038986186964,,1920 x 1080,144 Hz,"27""",IPS,5,0,0,0,0,True,False,True,FreeSync,
ASUS TUF Gaming VG279QM,,ASUS,90LM05H0-B01370,4718017505918,,1920 x 1080,280 Hz,"27""",IPS,1,0,0,0,0,False,False,True,,
Gigabyte G27QC,,Gigabyte,G27QC,4719331807870,,2560 x 1440,165 Hz,"27""",VA,4,0,0,0,0,False,True,True,FreeSync,
LG UltraGear 27GL850-B,,LG,27GL850-B,8806098542314,,2560 x 1440,144 Hz,"27""",IPS,1,0,0,0,0,False,False,True,FreeSync,
LG UltraGear 27GN950-B,,LG,27GN950-B,8806098724802,,4096 x 2160,144 Hz,"27""",IPS,1,0,0,0,0,False,False,True,,
LG UltraGear 27GP850-B,,LG,27GP850-B,8806091278838,,2560 x 1440,165 Hz,"27""",IPS,1,0,0,0,0,False,False,True,,
LG UltraGear 34GN850-B,,LG,34GN850-B,8806098724765,,3440 x 1440,160 Hz,"34""",IPS,1,0,0,0,0,False,False,True,FreeSync,
Samsung S24F356,,SAMSUNG,LS24F356FHUX/EN,8806088380049,,1920 x 1080,60 Hz,"23.5""",PLS,4,0,0,0,0,False,False,False,FreeSync,
Viewsonic VX2758-2KP-MHD,$301.26 USD,ViewSonic,VX2758-2KP-MHD,0766907003901,,2560 x 1440,144 Hz,"27""",IPS,1,0,0,0,0,True,False,False,FreeSync,https://www.amazon.ca/dp/B07VJJXDBX?tag=pckombo04b-20&linkCode=osi&th=1&psc=1
Acer ED270UP,,Acer,UM.HE0EE.P10,4710886088219,,2560 x 1440,165 Hz,"27""",VA,5,0,0,0,0,False,False,False,,
Acer ED273URP,,Acer,UM.HE3EE.P01,4710180195132,,2560 x 1440,144 Hz,"27""",VA,4,0,0,0,0,True,True,False,FreeSync,
Acer ET430KB,,Acer,UM.ME0EE.010,4713883326933,,3840 × 2160,60 Hz,"43""",IPS,5,0,0,0,0,True,False,False,,
Acer GN246HL,,Acer,UM.FG6EE.B06,4713147249510,,1920 x 1080,144 Hz,"24""",TN,1,0,0,0,0,False,False,False,,
Acer GN276HL,,Acer,UM.HG6EE.006,4713392462221,,1920 x 1080,144 Hz,"27""",TN,1,1,0,1,1,False,False,False,,
Acer KG241P,,Acer,UM.FX1EE.P01,4713883789349,,1920 x 1080,144 Hz,"24""",TN,1,0,0,0,0,False,False,False,FreeSync,
Acer KG241QS,,Acer,UM.UX1EE.S01,4710180690064,,1920 x 1080,165 Hz,"23.6""",TN,1,0,0,0,0,False,False,False,FreeSync,
Acer KG281K,,Acer,UM.PX1EE.005,4713883483766,,3840 × 2160,60 Hz,"28""",TN,1,0,0,0,0,False,False,False,FreeSync,
Acer Nitro EI491CRP,,Acer,UM.SE1EE.P01,4710180164244,,3840 x 1080,144 Hz,"49""",VA,4,0,0,0,0,True,False,False,FreeSync,
Acer Nitro VG0 VG270UP,,Acer,UM.HV0EE.P01,4713883814393,,2560 x 1440,144 Hz,"27""",IPS,1,0,0,0,0,True,False,False,FreeSync,
Acer Nitro VG270K,,Acer,UM.HV0EE.010,4713883857635,,3840 × 2160,60 Hz,"27""",IPS,4,0,0,0,0,True,False,False,FreeSync,
Acer Nitro XV2 XV272UP,,Acer,UM.HX2EE.P01,4713883973922,,2560 x 1440,144 Hz,"27""",IPS,4,0,0,0,0,False,False,True,FreeSync,
Acer Nitro XV273KP,,Acer,UM.HX3EE.P04,4713883973885,,3840 × 2160,144 Hz,"27""",IPS,1,0,0,0,0,True,False,True,FreeSync,
Acer Predator X27,,Acer,UM.HX0EE.009,4713883329408,,3840 × 2160,144 Hz,"27""",IPS,4,0,0,0,0,False,False,True,G-Sync,
Acer Predator X27P,,Acer,UM.HX0EE.P01,4710180440799,,3840 × 2160,144 Hz,"27""","IPS, Quantum Dot",4,0,0,0,0,False,False,True,,
Acer Predator X34P,,Acer,UM.CX0EE.P01,4713883391726,,3440 x 1440,122 Hz,"34""",IPS,4,0,0,0,0,True,True,True,,
Acer Predator X35,,Acer,UM.CX0EE.005,4710180378368,,3440 x 1440,200 Hz,"35""","VA, Quantum Dot",4,0,0,0,0,False,True,True,,
Acer Predator XB241H,,Acer,UM.FX1EE.001,4713392448713,,1920 x 1080,180 Hz,"24""",TN,1,0,0,0,0,True,False,True,,
Acer Predator XB252Q,,Acer,UM.KX2EE.001,4713883087780,,1920 x 1080,144 Hz,"25""",TN,1,1,1,0,0,True,False,True,G-Sync,
Acer Predator XB253QGP 62,,Acer,UM.KX3EE.P08,4710180704860,,1920 x 1080,144 Hz,"24.5""",IPS,2,0,0,0,0,True,False,True,,
Acer Predator XB271HU,,Acer,UM.HX1EE.005,4713392260216,,2560 x 1440,144 Hz,"27""",IPS,4,0,0,0,0,False,False,True,G-Sync,
Acer Predator XB271HUA,,Acer,UM.HX1EE.A01,4713392553301,,2560 x 1440,165 Hz,"27""",TN,1,0,0,0,0,True,False,True,,
Acer Predator XB272,,Acer,UM.HX2EE.005,4713392948978,,1920 x 1080,240 Hz,"27""",TN,1,0,0,0,0,True,False,True,,
Acer Predator XB273KGP,,Acer,UM.HX3EE.P13,4710180480627,,3840 × 2160,144 Hz,"27""","IPS, Quantum Dot",4,0,0,0,0,True,False,True,FreeSync,
Acer Predator XB273P,,Acer,UM.HX3EE.P18,4710180501766,,1920 x 1080,144 Hz,"27""",IPS,4,0,0,0,0,True,False,True,,
Acer Predator XB273UGS,,Acer,UM.HX0EE.S01,4710180720365,,2560 x 1440,165 Hz,"27""",IPS,1,0,0,0,0,True,False,True,,
Acer Predator XB281HK,,Acer,UM.PX1EE.001,4713392252372,,3840 × 2160,60 Hz,"28""",TN,1,0,0,0,0,False,False,True,,
Acer Predator XB321HK,,Acer,UM.JX1EE.001,4713392371325,,3840 × 2160,60 Hz,"32""",IPS,4,0,0,0,0,True,False,True,G-Sync,
Acer Predator Z271,,Acer,UM.HX1EE.023,4713392553707,,1920 x 1080,144 Hz,"27""",VA,4,1,1,0,0,True,True,True,G-Sync,
Acer Predator Z271U,,Acer,UM.HZ1EE.001,4713883393904,,2560 x 1440,144 Hz,"27""",TN,1,0,0,0,0,True,True,True,G-Sync,
Acer Predator Z301C,,Acer,UM.CZ1EE.001,4713392753909,,2560 x 1080,144 Hz,"29""",VA,4,1,1,0,0,True,True,True,G-Sync,
Acer Predator Z35P,,Acer,UM.CZ1EE.P01,4713883047487,,3440 x 1440,122 Hz,"35""",VA,4,0,0,0,0,True,True,True,G-Sync,
Acer ProDesigner PE270K,,Acer,UM.HP0EE.001,4713883392181,,3840 × 2160,60 Hz,"27""",IPS,4,0,0,0,0,True,False,True,FreeSync,
Acer ProDesigner PE320QK,,Acer,UM.JP0EE.001,4713883231190,,3840 × 2160,60 Hz,"31.5""",IPS,4,0,0,0,0,False,False,True,FreeSync,
Acer VG270S,,Acer,UM.HV0EE.S01,4710180695250,,1920 x 1080,165 Hz,"27""",IPS,2,0,0,0,0,True,False,False,,
Acer XF240HBMJDPR,,Acer,UM.FX0EE.001,4713392211928,,1920 x 1080,144 Hz,"27""",TN,1,1,1,0,0,False,False,True,FreeSync,
Acer XF240QP,,Acer,UM.UX0EE.P01,4710180328349,,1920 x 1080,144 Hz,"23.6""",TN,1,0,0,0,0,True,False,True,FreeSync,
Acer XF270HB,,Acer,UM.HX0EE.B09,4713883329002,,1920 x 1080,144 Hz,"27""",TN,1,0,0,0,0,True,False,True,FreeSync,
Acer XF270HBMJDPRZ,,Acer,UM.HX0EE.002,4713392211935,,1920 x 1080,144 Hz,"27""",TN,1,1,1,0,0,False,False,True,FreeSync,
Acer XF270HUA,,Acer,UM.HX0EE.A01,4713392712432,,2560 x 1440,144 Hz,"27""",IPS,4,0,0,0,0,False,False,True,FreeSync,
Acer XR382CQK,,Acer,UM.TX2EE.009,4713883327022,,3840 x 1600,122 Hz,"37.5""",IPS,5,0,0,0,0,True,True,True,FreeSync,
Acer XZ271UA,,Acer,UM.HX1EE.A18,4713883813419,,2560 x 1440,144 Hz,"27""",TN,1,0,0,0,0,True,True,True,FreeSync,
AOC 22V2Q,,AOC,22V2Q,4038986126328,,1920 x 1080,122 Hz,"21.5""",IPS,5,0,0,0,0,False,False,False,,
AOC 24G2SAE 60,,AOC,24G2SAE/BK,4038986199919,,1920 x 1080,165 Hz,"24""",VA,4,0,0,0,0,True,False,False,,
AOC 24G2SU 60,,AOC,24G2SU/BK,4038986199902,,1920 x 1080,165 Hz,"24""",VA,4,0,0,0,0,True,False,True,,
AOC 24V2Q,,AOC,24V2Q,4038986146333,,1920 x 1080,122 Hz,"23.8""",IPS,5,0,0,0,0,False,False,False,,
AOC 27B2QAM 68,,AOC,27B2QAM,4038986189972,,1920 x 1080,75 Hz,"27""",IPS,4,0,0,0,0,True,False,False,,
AOC 27V2Q,,AOC,27V2Q,4038986186346,,1920 x 1080,122 Hz,"27""",IPS,5,0,0,0,0,False,False,False,FreeSync,
AOC AG274QG,,AOC,AG274QG,4038986120050,,2560 x 1440,240 Hz,"27""",IPS,1,0,0,0,0,True,False,False,,
AOC AG493UCX,,AOC,AG493UCX,4038986119634,,5120 x 1440,120 Hz,"49""",VA,4,0,0,0,0,True,False,True,,
AOC AGON AG241QG,,AOC,AG241QG,4038986145879,,2560 x 1440,165 Hz,"23.8""",TN,1,0,0,0,0,True,False,True,,
AOC AGON AG241QX,$289.47 USD,AOC,AG241QX,4038986145862,,2560 x 1440,144 Hz,"24""",TN,1,0,0,0,0,True,False,True,FreeSync,https://www.amazon.ca/AOC-AG241QX-Adaptive-Sync-DisplayPort-QuickSwitch/dp/B01NCTHS6E?psc=1&SubscriptionId=AKIAI7B523DQIKTQ3BRQ&tag=pckombo04b-20&linkCode=xm2&camp=2025&creative=165953&creativeASIN=B01NCTHS6E
AOC AGON AG251FZ,,AOC,AG251FZ,4038986165884,,1920 x 1080,240 Hz,"25""",TN,1,0,0,0,0,True,False,True,FreeSync,
AOC AGON AG251FZ2E 62,,AOC,AG251FZ2E,4038986148184,,1920 x 1080,240 Hz,"24.5""",TN,"0,5",0,0,0,0,True,False,False,,
AOC AGON AG254FG 63 cm (25 Zoll),,AOC,AG254FG,4038986149945,,1920 x 1080,360 Hz,"25""","Quantum Dot, VA",1,0,0,0,0,True,False,True,,
AOC AGON AG271QG,$652.9 USD,AOC,AG271QG,4038986185844,,2560 x 1440,165 Hz,"27""",IPS,4,0,0,0,0,True,False,True,,https://www.amazon.ca/AOC-AG271QG-27-Inch-Display-Monitor/dp/B01G5JYMNA?psc=1&SubscriptionId=AKIAI7B523DQIKTQ3BRQ&tag=pckombo04b-20&linkCode=xm2&camp=2025&creative=165953&creativeASIN=B01G5JYMNA
AOC AGON AG271QX,$419.06 USD,AOC,AG271QX,4038986185417,,2560 x 1440,144 Hz,"27""",TN,1,0,0,0,0,True,False,True,FreeSync,https://www.amazon.ca/AOC-AG271QX-Gaming-Monitor-144hz/dp/B01G5JYN0C?psc=1&SubscriptionId=AKIAI7B523DQIKTQ3BRQ&tag=pckombo04b-20&linkCode=xm2&camp=2025&creative=165953&creativeASIN=B01G5JYN0C
AOC AGON AG271UG,,AOC,AG271UG,4038986185929,,3840 × 2160,60 Hz,"27""",IPS,4,1,1,0,0,True,False,True,G-Sync,
AOC AGON AG272FCX,,AOC,AG272FCX,4038986185912,,1920 x 1080,144 Hz,"27""",MVA,4,2,1,0,1,True,True,True,FreeSync,
AOC AGON AG273QCG,$372.94 USD,AOC,AG273QCG,4038986186414,,2560 x 1440,165 Hz,"27""",TN,1,0,0,0,0,True,True,True,,https://www.amazon.ca/AOC-AG273QCG-Curved-Monitor-DisplayPort/dp/B07LBMWHX3?psc=1&SubscriptionId=AKIAI7B523DQIKTQ3BRQ&tag=pckombo04b-20&linkCode=xm2&camp=2025&creative=165953&creativeASIN=B07LBMWHX3
AOC AGON AG273QCX,$408.63 USD,AOC,AG273QCX,4038986186407,,2560 x 1440,144 Hz,"27""",VA,1,0,0,0,0,True,False,True,FreeSync,https://www.amazon.ca/AOC-AG273QCX-FreeSync-DisplayHDR-DisplayPort/dp/B07MJCF5N4?psc=1&SubscriptionId=AKIAI7B523DQIKTQ3BRQ&tag=pckombo04b-20&linkCode=xm2&camp=2025&creative=165953&creativeASIN=B07MJCF5N4
AOC AGON AG274FZ 608,,AOC,AG274FZ,4038986120074,,1920 x 1080,260 Hz,"27""",IPS,1,0,0,0,0,True,False,True,,
AOC AGON AG275QX/EU,,AOC,AG275QX/EU,4038986180474,,2560 x 1440,170 Hz,"27""",Nano IPS,1,0,0,0,0,False,False,True,,
AOC AGON AG275QXN,,AOC,AG275QXN,4038986180467,,2560 x 1440,165 Hz,"27""",VA,1,0,0,0,0,False,False,True,,
AOC AGON AG322QC4,$439.56 USD,AOC,AG322QC4,4038986116428,,2560 x 1440,144 Hz,"31.5""",VA,4,0,0,0,0,True,False,True,,https://www.amazon.ca/AOC-AG322QC4-2560x1440-DisplayHDR-DisplayPort/dp/B07G1CTZGS?psc=1&SubscriptionId=AKIAI7B523DQIKTQ3BRQ&tag=pckombo04b-20&linkCode=xm2&camp=2025&creative=165953&creativeASIN=B07G1CTZGS
AOC AGON AG324UX 81,,AOC,AG324UX,4038986120012,,3840 × 2160,144 Hz,"32""",IPS,1,0,0,0,0,True,False,True,,
AOC AGON AG352QCX,,AOC,AG352QCX,4038986115896,,2560 x 1080,60 Hz,"35""",MVA,4,0,0,0,0,True,True,True,FreeSync,
AOC AGON AG352UCG6,$605.99 USD,AOC,AG352UCG6,4038986116442,,3440 x 1440,122 Hz,"35""",VA,4,0,0,0,0,True,True,True,,https://www.amazon.ca/AOC-AG352UCG6-Monitor-3440x1440-DisplayPort/dp/B07BMVNJZP?psc=1&SubscriptionId=AKIAI7B523DQIKTQ3BRQ&tag=pckombo04b-20&linkCode=xm2&camp=2025&creative=165953&creativeASIN=B07BMVNJZP
AOC AGON AG353UCG,,AOC,AG353UCG,4038986116602,,3440 x 1440,200 Hz,"35""",VA,4,0,0,0,0,True,False,True,,
AOC AGON PD27,,AOC,PD27,4046901932893,,2560 x 1440,240 Hz,"27""",VA,"0,5",0,0,0,0,True,False,True,,
AOC AGON PRO AG274QS,,AOC,AG274QS,4038986120067,,2560 x 1440,300 Hz,"27""",IPS,1,0,0,0,0,True,False,False,,
AOC AGON PRO AG274QZM,,AOC,AG274QZM,4038986120036,,2560 x 1440,240 Hz,"27""",IPS,1,0,0,0,0,True,False,True,,
AOC AGON PRO AG275QXL,,AOC,AG275QXL,4038986120104,,2560 x 1440,170 Hz,"27""",IPS,1,0,0,0,0,True,False,True,,
AOC C24G1,$140.17 USD,AOC,C24G1,4038986146494,,1920 x 1080,144 Hz,"23.6""",VA,1,0,0,0,0,False,False,True,FreeSync,https://www.amazon.ca/AOC-C24G1-Frameless-DisplayPort-Adjustable/dp/B07GD7H18F?psc=1&SubscriptionId=AKIAI7B523DQIKTQ3BRQ&tag=pckombo04b-20&linkCode=xm2&camp=2025&creative=165953&creativeASIN=B07GD7H18F
AOC C24G2AE,,AOC,C24G2AE/BK,4038986148207,,1920 x 1080,165 Hz,"23.6""",VA,1,0,0,0,0,True,False,False,,
AOC C27G1,$208.24 USD,AOC,C27G1,4038986186506,,1920 x 1080,144 Hz,"27""",VA,1,0,0,0,0,False,True,True,FreeSync,https://www.amazon.ca/AOC-C27G1-Screen-14700510-Black/dp/B07GD5XG5G?psc=1&SubscriptionId=AKIAI7B523DQIKTQ3BRQ&tag=pckombo04b-20&linkCode=xm2&camp=2025&creative=165953&creativeASIN=B07GD5XG5G
AOC C27G2U,,AOC,C27G2U/BK,4038986188579,,1920 x 1080,165 Hz,"27""",VA,1,0,0,0,0,True,False,True,,
AOC C27G3U 68,,AOC,C27G3U/BK,4038986189668,,1920 x 1080,165 Hz,"27""",VA,4,0,0,0,0,True,False,True,,
AOC C32G1,$250.75 USD,AOC,C32G1,4038986116510,,1920 x 1080,144 Hz,"31.5""",VA,1,0,0,0,0,False,False,False,FreeSync,https://www.amazon.ca/AOC-C32G1-Frameless-1920x1080-DisplayPort/dp/B07HKGFB27?psc=1&SubscriptionId=AKIAI7B523DQIKTQ3BRQ&tag=pckombo04b-20&linkCode=xm2&camp=2025&creative=165953&creativeASIN=B07HKGFB27
AOC CQ27G2U,,AOC,CQ27G2U/BK,4038986187114,,2560 x 1440,144 Hz,"27""",VA,4,0,0,0,0,False,False,True,FreeSync,
AOC CQ32G1,$340.92 USD,AOC,CQ32G1,4038986116718,,2560 x 1440,144 Hz,"31.5""",VA,4,0,0,0,0,False,False,False,FreeSync,https://www.amazon.ca/AOC-CQ32G1-Frameless-2560x1440-DisplayPort/dp/B07HKM16DT?psc=1&SubscriptionId=AKIAI7B523DQIKTQ3BRQ&tag=pckombo04b-20&linkCode=xm2&camp=2025&creative=165953&creativeASIN=B07HKM16DT
AOC CQ32G2SE,,AOC,CQ32G2SE/BK,4038986118439,,2560 x 1440,165 Hz,"31.5""",VA,4,0,0,0,0,True,False,False,,
AOC CU34G2,,AOC,CU34G2/BK,4038986116992,,3440 x 1440,100 Hz,"34""",VA,1,0,0,0,0,False,False,True,FreeSync,
AOC CU34G2X,,AOC,CU34G2X/BK,4038986117005,,3440 x 1440,144 Hz,"34""",VA,1,0,0,0,0,False,False,True,FreeSync,
AOC E2460SH,,AOC,E2460SH,4038986144735,,1920 x 1080,60 Hz,"24""",TN,1,0,0,0,0,True,False,True,,
AOC G2260VWQ6,$125.7 USD,AOC,G2260VWQ6,4038986125314,,1920 x 1080,122 Hz,"21.5""",TN,1,0,0,0,0,False,False,False,FreeSync,https://www.amazon.ca/AOC-G2260VWQ6-1920x1080-FlickerFree-DisplayPort/dp/B0158L13M4?psc=1&SubscriptionId=AKIAI7B523DQIKTQ3BRQ&tag=pckombo04b-20&linkCode=xm2&camp=2025&creative=165953&creativeASIN=B0158L13M4
AOC G2460PF,$179.86 USD,AOC,G2460PF,4038986145381,,1920 x 1080,144 Hz,"24""",TN,1,0,0,0,0,True,False,True,FreeSync,https://www.amazon.ca/AOC-G2460PF-24-Inch-Gaming-Monitor/dp/B01BV1XBEI?psc=1&SubscriptionId=AKIAI7B523DQIKTQ3BRQ&tag=pckombo04b-20&linkCode=xm2&camp=2025&creative=165953&creativeASIN=B01BV1XBEI
AOC G2460PG,,AOC,G2460PG,4038986144797,,1920 x 1080,144 Hz,"24""",TN,1,0,1,0,0,False,False,True,G-Sync,
AOC G2460VQ6,$114.59 USD,AOC,G2460VQ6,4038986145398,,1920 x 1080,122 Hz,"24""",TN,1,0,0,0,0,True,False,False,FreeSync,https://www.amazon.ca/AOC-G2460VQ6-FreeSync-1920x1080-DisplayPort/dp/B01N1YCKAE?psc=1&SubscriptionId=AKIAI7B523DQIKTQ3BRQ&tag=pckombo04b-20&linkCode=xm2&camp=2025&creative=165953&creativeASIN=B01N1YCKAE
AOC G2590FX 62,$161.75 USD,AOC,G2590FX,4038986166423,,1920 x 1080,144 Hz,"24.5""",TN,1,0,0,0,0,False,False,False,FreeSync,https://www.amazon.ca/dp/B07D377Q6D?tag=pckombo04b-20&linkCode=osi&th=1&psc=1
AOC G2590PX 62,$221.96 USD,AOC,G2590PX,4038986166096,,1920 x 1080,144 Hz,"24.5""",TN,1,0,0,0,0,True,False,True,FreeSync,https://www.amazon.ca/AOC-G2590PX-Frameless-Monitor-Compatible/dp/B07R4XPVKG?psc=1&SubscriptionId=AKIAI7B523DQIKTQ3BRQ&tag=pckombo04b-20&linkCode=xm2&camp=2025&creative=165953&creativeASIN=B07R4XPVKG
AOC G2590PX/G2 62,,AOC,G2590PX/G2,4038986166614,,1920 x 1080,144 Hz,"24.5""",TN,1,0,0,0,0,True,False,True,FreeSync,
AOC G2590VXQ,,AOC,G2590VXQ,4038986166102,,1920 x 1080,122 Hz,"24.5""",TN,1,0,0,0,0,True,False,False,FreeSync,
AOC G2770PF,,AOC,G2770PF,4038986185400,,1920 x 1080,144 Hz,"27""",TN,1,1,1,0,2,True,False,True,FreeSync,
AOC G2778VQ,,AOC,G2778VQ,4038986185424,,1920 x 1080,122 Hz,"27""",TN,1,0,0,0,0,True,False,False,FreeSync,
AOC G2790PX,,AOC,G2790PX,4038986186179,,1920 x 1080,144 Hz,"27""",TN,1,0,0,0,0,True,False,True,FreeSync,
AOC G2868PQU 71,,AOC,G2868PQU,4038986186674,,4096 x 3072,60 Hz,"28""",TN,1,0,0,0,0,False,False,True,FreeSync,
AOC Gaming 25G3ZM/BK,,AOC,25G3ZM/BK,4038986140911,,1920 x 1080,240 Hz,"24.5""",VA,"0,5",0,0,0,0,False,False,True,,
AOC I1601FWUX,$174.47 USD,AOC,I1601FWUX,4038986156479,,1920 x 1080,60 Hz,"15.6""",IPS,5,0,0,0,0,False,False,False,,https://www.amazon.ca/AOC-I1601FWUX-Extremely-1920x1080-SmartCover/dp/B06Y8SSQG5?psc=1&SubscriptionId=AKIAI7B523DQIKTQ3BRQ&tag=pckombo04b-20&linkCode=xm2&camp=2025&creative=165953&creativeASIN=B06Y8SSQG5
AOC Q27G2U,,AOC,Q27G2U/BK,4038986187121,,2560 x 1440,144 Hz,"27""",VA,4,0,0,0,0,True,False,True,FreeSync,
AOC Q27G3SU 68,,AOC,CQ27G3SU/BK,4038986189644,,2560 x 1440,165 Hz,"27""",VA,4,0,0,0,0,True,False,True,,
AOC Q27P2CA,,AOC,Q27P2CA,4038986189866,,2560 x 1440,75 Hz,"27""",IPS,4,0,0,0,0,True,False,True,,
AOC U2879VF,$259.43 USD,AOC,U2879VF,4038986185714,,3840 × 2160,60 Hz,"28""",TN,1,0,0,0,0,False,False,True,FreeSync,https://www.amazon.ca/AOC-U2879VF-Screen-LCD-14700510/dp/B0163JLIWU?SubscriptionId=AKIAI7B523DQIKTQ3BRQ&tag=pckombo04b-20&linkCode=xm2&camp=2025&creative=165953&creativeASIN=B0163JLIWU
AOC U34G3XM/EU,,AOC,U34G3XM/EU,4038986110624,,3440 x 1440,144 Hz,"34""",VA,4,0,0,0,0,False,False,True,,
ASUS CG32UQ,,ASUS,90LM04F0-B01170,4718017105606,,3840 × 2160,60 Hz,"31.5""",VA,5,0,0,0,0,True,False,True,FreeSync,
ASUS MG248QE,,ASUS,90LM02D5-B01370,4712900979756,,1920 x 1080,144 Hz,"24""",TN,1,0,0,0,0,False,False,False,FreeSync,
ASUS MG248QR,,ASUS,90LM02D3-B01370,4712900682533,889349682531,1920 x 1080,144 Hz,"24""",TN,1,0,0,0,0,True,False,True,FreeSync,
ASUS MG278Q,$344.15 USD,ASUS,90LM01S0-B01170,4712900087666,,2560 x 1440,144 Hz,"27""",TN,1,0,0,0,0,True,False,True,FreeSync,https://www.amazon.ca/dp/B014X4U076?tag=pckombo04b-20&linkCode=osi&th=1&psc=1
ASUS MG279Q,,ASUS,90LM0100-B01170,4716659995043,,2560 x 1440,144 Hz,"27""",IPS,4,0,0,0,0,True,False,True,FreeSync,
ASUS MG28UQ,,ASUS,90LM027C-B01170,4712900276039,,3840 × 2160,60 Hz,"28""",IPS,1,0,0,0,0,True,False,True,FreeSync,
ASUS MX239H,,ASUS,90LMGC051L010O1C-,4716659265740,,1920 x 1080,60 Hz,"23""",IPS,5,1,0,1,1,False,False,False,,
ASUS MX259H,,ASUS,90LM0190-B01670,4716659924289,,1920 x 1080,60 Hz,"25""",IPS,5,0,0,0,0,True,False,False,,
ASUS MX25AQ,,ASUS,90LM01P0-B01670,4712900100860,,2560 x 1440,60 Hz,"25""",IPS,5,0,0,0,0,True,False,False,,
ASUS MX279H,,ASUS,90LMGD051R010O1C-,4716659265795,,1920 x 1080,60 Hz,"27""",IPS,5,0,0,0,0,False,False,False,,
ASUS MX27AQ,,ASUS,90LM0140-B01670,4716659920021,,2560 x 1440,60 Hz,"27""",IPS,5,1,1,0,0,True,False,False,,
ASUS MX27UC,,ASUS,90LM02B3-B01670,4712900463149,,3840 × 2160,60 Hz,"27""",IPS,5,0,0,0,0,True,False,False,,
ASUS MX299Q,$369.5 USD,ASUS,90LM0080-B01170,4716659472506,,2560 x 1080,60 Hz,"29""",IPS,5,1,1,1,0,False,False,False,,https://www.amazon.ca/dp/B00DRPYQ9G?tag=pckombo04b-20&linkCode=osi&th=1&psc=1
ASUS MX34VQ,,ASUS,90LM02M0-B01170,4712900494235,,3440 x 1440,122 Hz,"34""",VA,4,0,0,0,0,True,True,False,,
ASUS MZ27AQ,,ASUS,90LM03C0-B01A70,4712900774931,,2560 x 1440,60 Hz,"27""",IPS,5,0,0,0,0,True,False,False,,
ASUS PA248Q,,ASUS,90LMG0150Q00081C-,4716659122029,,1920 x 1200,60 Hz,"24""",IPS,6,1,1,1,1,False,False,True,,
ASUS PA279Q,,ASUS,90LM0040-B01370,4716659456407,,2560 x 1440,60 Hz,"27""",IPS,6,0,0,0,0,True,False,True,,
ASUS PA329Q,,ASUS,90LM02CC-B01370,4712900270693,,3840 × 2160,60 Hz,"32""",IPS,5,0,0,0,0,True,False,True,,
ASUS PB238Q,,ASUS,90LMG9151T01081C-,4716659192497,,1920 x 1080,60 Hz,"23""",IPS,6,1,1,1,1,False,False,True,,
ASUS PB248Q,,ASUS,90LMGH001Q02251C-,4716659351443,,1920 x 1200,60 Hz,"24""",IPS,6,1,1,1,1,False,False,True,,
ASUS PB277Q,,ASUS,90LM02I1-B01170,4712900274035,,2560 x 1440,122 Hz,"27""",TN,1,0,0,0,0,False,False,True,,
ASUS PB278QR,,ASUS,90LMGA001T02251C-,4716659718550,886227718559,2560 x 1440,60 Hz,"27""",IPS,5,0,0,0,0,False,False,True,,
ASUS PB27UQ,,ASUS,90LM02U0-B01170,4712900367676,,3840 × 2160,60 Hz,"27""",IPS,5,0,0,0,0,True,False,True,,
ASUS PB287Q,$362.35 USD,ASUS,90LM00R0-B03170,4716659666448,,3840 × 2160,60 Hz,"28""",TN,1,0,0,0,0,True,False,True,,https://www.amazon.ca/dp/B00KJGY3TO?tag=pckombo04b-20&linkCode=osi&th=1&psc=1
ASUS PB328Q,,ASUS,90LM01A0-B01370,4716659987512,,2560 x 1440,60 Hz,"32""",VA,4,0,0,0,0,True,False,True,,
ASUS PG248Q ROG Swift,,ASUS,90LM02J0-B01370,4712900388947,,1920 x 1080,144 Hz,"24""",TN,1,1,1,0,0,False,False,True,G-Sync,
ASUS PG258Q,,ASUS,90LM0360-B01370,4712900518023,,1920 x 1080,240 Hz,"25""",TN,1,0,0,0,0,False,False,True,G-Sync,
ASUS PG258Q COD-Edition,,ASUS,90LM0363-B01370,4718017148009,,1920 x 1080,240 Hz,"25""",TN,1,0,0,0,0,False,False,True,G-Sync,
ASUS PG279Q,,ASUS,90LM0230-B01370,4712900143683,,2560 x 1440,165 Hz,"27""",IPS,4,0,0,0,0,True,False,True,G-Sync,
ASUS PG27AQ,,ASUS,90LM01F0-B01370,4712900142501,,3840 × 2160,60 Hz,"27""",IPS,4,1,1,0,0,True,False,True,G-Sync,
ASUS PG348Q,,ASUS,90LM02A0-B01370,4712900164534,,3440 x 1440,122 Hz,"34""",IPS,5,0,0,0,0,True,True,True,G-Sync,
ASUS ProArt PA32UC-K,,ASUS,90LM03H0-B02370,4712900903720,,3840 × 2160,60 Hz,"32""",IPS,5,0,0,0,0,True,False,True,,
ASUS ROG Strix PG43UQ,,ASUS,90LM05J0-B01170,4718017533058,,3840 × 2160,144 Hz,"43""",VA,4,0,0,0,0,True,False,False,,
ASUS ROG Strix XG258Q 62,,ASUS,90LM03U0-B01370,4712900808186,,1920 x 1080,240 Hz,"24.5""",TN,1,0,0,0,0,False,False,True,FreeSync,
ASUS ROG Strix XG279Q,,ASUS,90LM05D0-B01370,4718017463416,,2560 x 1440,170 Hz,"27""",IPS,1,0,0,0,0,False,False,True,,
ASUS ROG Strix XG27UQ,,ASUS,90LM05A0-B01370,4718017460231,,3840 × 2160,144 Hz,"27""",IPS,4,0,0,0,0,False,False,True,,
ASUS ROG Strix XG27VQ,,ASUS,90LM03G0-B01970,4712900712940,,1920 x 1080,144 Hz,"27""",VA,4,0,0,0,0,False,True,True,FreeSync,
ASUS ROG Strix XG32VC,,ASUS,90LM03S0-B04170,4718017790536,,2560 x 1440,170 Hz,"31.5""",VA,4,0,0,0,0,False,False,True,,
ASUS ROG Strix XG32VQ,,ASUS,90LM03S0-B01170,4712900805949,,3440 x 1440,100 Hz,"31.5""",VA,4,0,0,0,0,False,True,True,FreeSync,
ASUS ROG Strix XG32VQR,,ASUS,90LM03S0-B02170,4718017134859,,2560 x 1440,144 Hz,"31.5""",VA,4,0,0,0,0,False,True,True,FreeSync,
ASUS ROG Strix XG438QR,,ASUS,90LM04U0-B02170,4718017940283,,3840 × 2160,120 Hz,"43""",VA,4,0,0,0,0,True,False,False,,
ASUS ROG Strix XG43UQ,,ASUS,90LM0590-B02170,4718017500272,,3840 × 2160,144 Hz,"43""",VA,1,0,0,0,0,True,False,False,,
ASUS ROG Strix XG43VQ,,ASUS,90LM04U0-B01170,4718017465564,,3840 x 1200,120 Hz,"43""",VA,1,0,0,0,0,True,True,True,FreeSync,
ASUS ROG Strix XG49VQ,,ASUS,90LM04H0-B01170,4718017169349,,3840 x 1080,144 Hz,"49""",VA,4,0,0,0,0,False,False,True,FreeSync,
ASUS ROG Swift PG259QN 62,,ASUS,90LM05Q0-B01370,4718017819466,,1920 x 1080,360 Hz,"24.5""",IPS,1,0,0,0,0,False,False,True,,
ASUS ROG Swift PG278QE,,ASUS,90LM00U5-B02370,4718017278188,,2560 x 1440,165 Hz,"27""",TN,1,0,0,0,0,False,False,True,,
ASUS ROG Swift PG278QR,,ASUS,90LM00U3-B01370,4712900470994,,2560 x 1440,165 Hz,"27""",TN,1,0,0,0,0,False,False,True,,
ASUS ROG Swift PG279QM,,ASUS,90LM0235-B01370,4718017978446,,2560 x 1440,240 Hz,"27""",IPS,1,0,0,0,0,True,False,True,,
ASUS ROG Swift PG27UQ,$1344.3 USD,ASUS,90LM03A0-B01370,4712900711929,,3840 × 2160,144 Hz,"27""",IPS,4,0,0,0,0,False,False,True,,https://www.amazon.ca/dp/B07F1VGGLK?tag=pckombo04b-20&linkCode=osi&th=1&psc=1
ASUS ROG Swift PG27VQ ROG Swift,,ASUS,90LM03N3-B01370,4712900715088,,2560 x 1440,165 Hz,"27""",TN,1,0,0,0,0,False,True,True,,
ASUS ROG Swift PG349Q,,ASUS,90LM04L0-B01170,4718017234191,,3440 x 1440,120 Hz,"34""",IPS,4,0,0,0,0,False,True,True,,
ASUS ROG Swift PG35VQ,,ASUS,90LM03T0-B02370,4718017308762,,3440 x 1440,200 Hz,"35""",VA,2,0,0,0,0,False,True,True,,
ASUS ROG Swift PG65UQ,,ASUS,90LM0460-B01370,4718017108614,,3840 × 2160,144 Hz,"64.5""",VA,4,0,0,0,0,True,False,False,,
ASUS STRIX XG27AQM,,ASUS,90LM06U5-B01370,4711081104186,,2560 x 1440,144 Hz,"27""",IPS,1,0,0,0,0,False,False,True,,
ASUS TUF Gaming VG246H,,ASUS,90LM06K0-B01170,4718017853057,,1920 x 1080,75 Hz,"23.8""",IPS,1,0,0,0,0,False,False,False,,
ASUS TUF Gaming VG247Q1A,,ASUS,90LM0751-B01170,4711081008408,,1920 x 1080,165 Hz,"23.8""",VA,4,0,0,0,0,True,False,False,,
ASUS TUF Gaming VG249Q,$218.33 USD,ASUS,90LM05E0-B01170,4718017485395,,1920 x 1080,144 Hz,"23.8""",IPS,1,0,0,0,0,True,False,True,FreeSync,https://www.amazon.ca/dp/B0829S7178?tag=pckombo04b-20&linkCode=osi&th=1&psc=1
ASUS TUF Gaming VG24VQ,,ASUS,90LM0570-B01170,4718017529037,192876529034,1920 x 1080,144 Hz,"23.6""",VA,4,0,0,0,0,True,True,True,FreeSync,
ASUS TUF Gaming VG24VQE,,ASUS,90LM0575-B01170,4718017881715,,1920 x 1080,165 Hz,"23.6""",VA,4,0,0,0,0,True,False,False,,
ASUS TUF Gaming VG259QR,,ASUS,90LM0530-B03370,4718017895354,,1920 x 1080,165 Hz,"24.5""",IPS,1,0,0,0,0,False,False,True,,
ASUS TUF Gaming VG27AQ,$290.14 USD,ASUS,90LM0500-B01370,4718017296762,,2560 x 1440,144 Hz,"27""",IPS,1,0,0,0,0,False,False,True,FreeSync,https://www.amazon.ca/dp/B07WQ4FXY9?tag=pckombo04b-20&linkCode=osi&th=1&psc=1
ASUS TUF Gaming VG27AQ1A,,ASUS,90LM05Z0-B02370,4718017784047,,2560 x 1440,170 Hz,"27""",IPS,4,0,0,0,0,True,False,False,,
ASUS TUF Gaming VG27BQ,$289.41 USD,ASUS,90LM04Z0-B01370,4718017296779,,2560 x 1440,144 Hz,"27""",TN,[],0,0,0,0,False,True,True,FreeSync,https://www.amazon.ca/dp/B07WPFP6S4?tag=pckombo04b-20&linkCode=osi&th=1&psc=1
ASUS TUF Gaming VG27VH1B,,ASUS,90LM0691-B01170,4718017691123,,1920 x 1080,165 Hz,"27""",VA,4,0,0,0,0,True,False,False,,
ASUS TUF Gaming VG27VQ,,ASUS,90LM0510-B01E70,4718017472869,,1920 x 1080,165 Hz,"27""",VA,4,0,0,0,0,True,False,True,FreeSync,
ASUS TUF Gaming VG27WQ,,ASUS,90LM05F0-B01E70,4718017556286,,2560 x 1440,165 Hz,"27""",VA,4,0,0,0,0,True,False,True,FreeSync,
ASUS TUF Gaming VG32VQ,,ASUS,90LM04I0-B01170,4718017255097,,2560 x 1440,144 Hz,"31.5""",VA,4,0,0,0,0,False,False,True,FreeSync,
ASUS VC239H,,ASUS,90LM01E2-B02470,4712900042931,889349042939,1920 x 1080,60 Hz,"23""",IPS,5,1,0,1,1,True,False,False,,
ASUS VC279H,,ASUS,90LM01D0-B02670,4712900017670,,1920 x 1080,60 Hz,"27""",IPS,5,1,0,1,1,True,False,False,,
ASUS VC279H-W,,ASUS,90LM01D2-B02670,4712900173253,,1920 x 1080,60 Hz,"27""",IPS,5,1,0,1,1,True,False,False,,
ASUS VC279HE,,ASUS,90LM01D0-B03670,4718017052443,,1920 x 1080,60 Hz,"27""",IPS,5,0,0,0,0,True,False,False,,
ASUS VE247H,$112.43 USD,ASUS,90LMC2101Q01041C,4719543331521,,1920 x 1080,60 Hz,"24""",TN,2,1,0,1,1,True,False,False,,https://www.amazon.ca/dp/B004EFUOY4?tag=pckombo04b-20&linkCode=osi&th=1&psc=1
ASUS VE248HR,,ASUS,90LMC3001Q02231C-,4712900135695,,1920 x 1080,60 Hz,"24""",TN,1,1,0,1,1,True,False,False,,
ASUS VG245H,,ASUS,90LM02V0-B01370,4712900413861,889349413869,1920 x 1080,122 Hz,"24""",TN,1,0,0,0,0,True,False,True,FreeSync,
ASUS VG245HE,,ASUS,90LM02V3-B01370,4712900463279,889349463277,1920 x 1080,122 Hz,"24""",TN,1,0,0,0,0,True,False,False,FreeSync,
ASUS VG245Q,,ASUS,90LM02V0-B02370,4712900642742,,1920 x 1080,122 Hz,"24""",TN,1,0,0,0,0,True,False,True,FreeSync,
ASUS VG248QE,$257.5 USD,ASUS,90LMGG301Q022E1C-,4716659325178,886227325177,1920 x 1080,144 Hz,"24""",TN,1,0,0,0,0,True,False,False,,https://www.amazon.ca/VG248QE-1920x1080-144Hz-Gaming-Monitor/dp/B00B19T7QC?psc=1&SubscriptionId=AKIAI7B523DQIKTQ3BRQ&tag=pckombo04b-20&linkCode=xm2&camp=2025&creative=165953&creativeASIN=B00B19T7QC
ASUS VG248QZ,,ASUS,90LMGG701Q022E1C,4718017100540,,1920 x 1080,144 Hz,"24""",TN,1,0,0,0,0,True,False,True,,
ASUS VG255H,,ASUS,90LM0440-B01370,4712900977165,889349977163,1920 x 1080,75 Hz,"24.5""",TN,1,0,0,0,0,True,False,True,FreeSync,
ASUS VG258Q,,ASUS,90LM0450-B01370,4712900977172,,1920 x 1080,144 Hz,"24.5""",TN,1,0,0,0,0,True,False,True,FreeSync,
ASUS VG258QR,,ASUS,90LM0453-B01370,4718017122801,192876122808,1920 x 1080,165 Hz,"24.5""",TN,1,0,0,0,0,True,False,True,FreeSync,
ASUS VG259QM,$325.69 USD,ASUS,90LM0530-B02370,4718017571319,,1920 x 1080,280 Hz,"24.5""",IPS,1,0,0,0,0,True,False,True,,https://www.amazon.ca/dp/B0876KP2CK?tag=pckombo04b-20&linkCode=osi&th=1&psc=1
ASUS VG275Q,$204.55 USD,ASUS,90LM03K0-B01370,4712900701777,,1920 x 1080,60 Hz,"27""",TN,1,0,0,0,0,True,False,True,FreeSync,https://www.amazon.ca/dp/B071KHHDNK?tag=pckombo04b-20&linkCode=osi&th=1&psc=1
ASUS VG278Q,,ASUS,90LM03P0-B01370,4712900747171,,1920 x 1080,144 Hz,"27""",TN,1,0,0,0,0,True,False,True,FreeSync,
ASUS VG278QF,,ASUS,90LM03P3-B02370,4718017177818,,1920 x 1080,165 Hz,"27""",TN,1,0,0,0,0,False,False,False,FreeSync,
ASUS VG278QR,$217.61 USD,ASUS,90LM03P3-B01370,4718017122795,,1920 x 1080,165 Hz,"27""",TN,1,0,0,0,0,True,False,True,FreeSync,https://www.amazon.ca/dp/B07XV1519W?tag=pckombo04b-20&linkCode=osi&th=1&psc=1
ASUS VG279Q,,ASUS,90LM04G0-B01370,4718017134927,192876134924,1920 x 1080,144 Hz,"27""",IPS,3,0,0,0,0,True,False,True,FreeSync,
ASUS VG289Q,,ASUS,90LM05B0-B01170,4718017437967,192876437964,3840 × 2160,60 Hz,"28""",IPS,5,0,0,0,0,False,False,True,FreeSync,
ASUS VK248H,,ASUS,90LMF5001Q01241C-,4716659019824,,1920 x 1080,60 Hz,"24""",TN,2,0,0,0,0,True,False,False,,
ASUS VN279QLB,,ASUS,90LM00E1-B01370,4716659456773,886227456772,1920 x 1080,60 Hz,"27""",VA,5,0,0,0,0,True,False,True,,
ASUS VP228HE,,ASUS,90LM01K0-B05170,4712900510164,889349510162,1920 x 1080,60 Hz,"21.5""",TN,1,0,0,0,0,True,False,False,,
ASUS VP247H,,ASUS,90LM01L3-B01170,4712900099003,,1920 x 1080,60 Hz,"24""",TN,1,1,0,1,1,True,False,False,,
ASUS VP247HA,,ASUS,90LM01L0-B02370,4712900367669,,1920 x 1080,60 Hz,"23.6""",VA,5,1,0,0,1,False,False,False,,
ASUS VP248H,,ASUS,90LM0480-B01170,4718017031202,,1920 x 1080,122 Hz,"24""",TN,1,0,0,0,0,True,False,False,FreeSync,
ASUS VP249QGR,,ASUS,90LM03L0-B03170,4718017502337,,1920 x 1080,144 Hz,"23.8""",IPS,4,0,0,0,0,False,False,False,FreeSync,
ASUS VP278QG,,ASUS,90LM01M0-B05170,4712900735536,,1920 x 1080,122 Hz,"27""",TN,1,0,0,0,0,True,False,False,FreeSync,
ASUS VP28UQG,,ASUS,90LM03M0-B01170,4712900748017,,3840 × 2160,60 Hz,"28""",TN,1,0,0,0,0,False,False,False,FreeSync,
ASUS VS229HA,,ASUS,90LME9001Q02231C,4716659565970,,1920 x 1080,60 Hz,"21.5""",VA,5,1,0,1,1,False,False,False,,
ASUS VS247HR,,ASUS,90LME2501T02231C-,4716659551782,,1920 x 1080,60 Hz,"23.6""",TN,2,0,0,0,0,False,False,False,,
ASUS VS278H,,ASUS,90LMF6001Q02271C-,4716659722793,886227722792,1920 x 1080,60 Hz,"27""",TN,1,0,0,0,0,True,False,False,,
ASUS VS278Q,,ASUS,90LMF6101Q01081C-,4716659177722,,1920 x 1080,60 Hz,"27""",TN,1,0,0,0,0,True,False,False,,
ASUS VX238H,,ASUS,90LMGB001R02271C-,4716659219217,,1920 x 1080,60 Hz,"24""",TN,1,2,0,2,1,True,False,False,,
ASUS VX239H,,ASUS,90LM00F3-B01170,4716659447559,,1920 x 1080,60 Hz,"23""",IPS,5,1,0,0,1,True,False,False,,
ASUS VX239H-W,,ASUS,90LM00F2-B01470,4716659584520,,1920 x 1080,60 Hz,"23""",IPS,5,1,0,0,1,True,False,False,,
ASUS VX248H,,ASUS,90LM00M3-B01370,4716659764557,,1920 x 1080,60 Hz,"24""",TN,1,2,0,2,1,True,False,False,,
ASUS VX24AH,,ASUS,90LM0110-B01370,4716659901150,886227901159,2560 x 1440,60 Hz,"24""",IPS,5,0,0,0,0,True,False,False,,
ASUS VX278Q,,ASUS,90LM01I5-B01170,4712900035568,,1920 x 1080,60 Hz,"27""",TN,1,0,0,0,0,True,False,False,,
ASUS VX279H,,ASUS,90LM00G3-B01470,4716659764540,,1920 x 1080,60 Hz,"27""",IPS,5,1,0,0,1,True,False,False,,
ASUS VX279H-W,,ASUS,90LM00G2-B01470,4716659919513,,1920 x 1080,60 Hz,"27""",IPS,5,1,0,0,1,True,False,False,,
ASUS VX279Q,,ASUS,90LM00G0-B01470,4716659447436,,1920 x 1080,60 Hz,"27""",IPS,5,1,1,0,1,False,False,False,,
ASUS VZ229H,,ASUS,90LM02PC-B01670,4712900362565,,1920 x 1080,60 Hz,"21.5""",IPS,5,1,0,0,1,False,False,False,,
ASUS VZ249Q,,ASUS,90LM02QC-B02670,4712900497755,,1920 x 1080,60 Hz,"24""",IPS,5,0,0,0,0,True,False,False,,
ASUS VZ279Q,,ASUS,90LM02XC-B02470,4712900584318,,1920 x 1080,60 Hz,"27""",IPS,5,0,0,0,0,True,False,False,,
ASUS XG248Q ROG Strix,,ASUS,90LM03Z0-B01A70,4712900924442,,1920 x 1080,240 Hz,"24""",TN,1,0,0,0,0,False,False,True,FreeSync,
ASUS XG35VQ,,ASUS,90LM03Q0-B01170,4712900830958,889349830956,3440 x 1440,122 Hz,"35""",VA,4,0,0,0,0,False,True,True,FreeSync,
ASUSTUF Gaming VG289Q1A,$108.8 USD,ASUS,90LM05B0-B02170,4718017953443,,3840 × 2160,60 Hz,"28""",IPS,5,0,0,0,0,True,False,False,,https://www.amazon.ca/dp/B08LCN9PGW?tag=pckombo04b-20&linkCode=osi&th=1&psc=1
BenQ GL2760H,,BenQ,9H.LC8LA.TBE,4718755051982,,1920 x 1080,60 Hz,"27""",TN,2,1,0,1,1,False,False,False,,
BenQ GW2765HT,,BenQ,9H.LCELA.TBE,4718755052651,,2560 x 1440,60 Hz,"27""",IPS,4,1,1,1,1,True,False,True,,
BenQ SW2700PT,$580.29 USD,BenQ,9H.LDKLB.QBE,4718755059551,,2560 x 1440,60 Hz,"27""",IPS,5,1,1,1,0,False,False,True,,https://www.amazon.ca/dp/B012UNOCJY?tag=pckombo04b-20&linkCode=osi&th=1&psc=1
Dell Alienware AW2521HFA 62,,Dell,210-AXRO,5397184409589,,1920 x 1080,240 Hz,"24.5""",IPS,1,0,0,0,0,False,False,True,,
Dell Gaming G2722HS,,Dell,DELL-G2722HS,5397184567807,,1920 x 1080,165 Hz,"27""",IPS,1,0,0,0,0,False,False,True,,
EIZO ColorEdge CG2420,$1718.68 USD,EIZO,CG2420,4995047048084,690592041118,1920 x 1200,60 Hz,"24""",IPS,10,0,0,0,0,False,False,True,,https://www.amazon.ca/dp/B01BUILA5E?tag=pckombo04b-20&linkCode=osi&th=1&psc=1
EIZO ColorEdge CG2730,,EIZO,CG2730,4995047049463,,2560 x 1440,60 Hz,"27""",IPS,10,0,0,0,0,False,False,True,,
EIZO ColorEdge CG277-BK,$2360.5 USD,EIZO,CG277-BK,4995047044352,,2560 x 1440,60 Hz,"27""",IPS,6,0,0,0,0,False,False,True,,https://www.amazon.ca/EIZO-CG277-BK-ColorEdge-Professional-Graphics/dp/B00IT5XKX2?SubscriptionId=AKIAI7B523DQIKTQ3BRQ&tag=pckombo04b-20&linkCode=xm2&camp=2025&creative=165953&creativeASIN=B00IT5XKX2
EIZO ColorEdge CS2420,,EIZO,CS2420,4995047048091,,1920 x 1200,60 Hz,"24""",IPS,15,0,0,0,0,False,False,True,,
EIZO ColorEdge CS2730,,EIZO,CS2730,4995047049470,,2560 x 1440,60 Hz,"27""",IPS,10,0,0,0,0,False,False,True,,
EIZO FlexScan EV2450-BK,$409.11 USD,EIZO,EV2450-BK,4995047045564,690592038590,1920 x 1080,60 Hz,"23.8""",IPS,5,0,0,0,0,True,False,True,,https://www.amazon.ca/dp/B00NF3EMNA?tag=pckombo04b-20&linkCode=osi&th=1&psc=1
EIZO FlexScan EV2450-GY,,EIZO,EV2450-GY,4995047045557,,1920 x 1080,60 Hz,"23.8""",IPS,5,0,0,0,0,True,False,True,,
EIZO FlexScan EV2451-BK,,EIZO,EV2451-BK,4995047049661,,1920 x 1080,60 Hz,"23.8""",IPS,5,0,0,0,0,True,False,True,,
EIZO FlexScan EV2456,,EIZO,EV2456-BK,4995047049722,690592042757,1920 x 1200,60 Hz,"24""",IPS,5,0,0,0,0,True,False,True,,
EIZO FlexScan EV2730Q-BK,,EIZO,EV2730Q-BK,4995047045526,,1920 x 1920,60 Hz,"27""",IPS,5,0,0,0,0,True,False,True,,
EIZO FlexScan EV2780-BK,,EIZO,EV2780-BK,4995047049838,,2560 x 1440,60 Hz,"27""",IPS,5,0,0,0,0,False,False,True,,
EIZO FlexScan EV2780-WT,,EIZO,EV2780-WT,4995047049845,690592042870,2560 x 1440,60 Hz,"27""",IPS,5,0,0,0,0,True,False,True,,
EIZO FlexScan EV2785-BK,,EIZO,EV2785-BK,4995047051855,690592044881,3840 × 2160,60 Hz,"27""",IPS,5,0,0,0,0,True,False,True,,
EIZO FlexScan EV2785-WT,,EIZO,EV2785-WT,4995047051862,,3840 × 2160,60 Hz,"27""",IPS,5,0,0,0,0,True,False,True,,
EIZO FlexScan EV3285-BK,,EIZO,EV3285-BK,4995047051893,690592044928,3840 × 2160,60 Hz,"31.5""",IPS,5,0,0,0,0,True,False,True,,
EIZO FlexScan EV3285-WT,,EIZO,EV3285-WT,4995047051909,,3840 × 2160,60 Hz,"31.5""",IPS,5,0,0,0,0,True,False,True,,
EIZO Foris FS2434-BK,,EIZO,FS2434-BK,4995047045236,,1920 x 1080,60 Hz,"23.8""",IPS,5,0,0,0,0,False,False,True,,
EIZO Foris FS2735,,EIZO,FS2735,4995047048398,,2560 x 1440,144 Hz,"27""",IPS,1,0,0,0,0,False,False,True,,
Gigabyte Aorus AD27QD,,Gigabyte,TFBU-054,4719331804749,,2560 x 1440,144 Hz,"27""",IPS,1,0,0,0,0,False,False,True,FreeSync,
Gigabyte Aorus CV27F,,Gigabyte,AORUS CV27F,4719331805821,,1920 x 1080,165 Hz,"27""",VA,1,0,0,0,0,False,False,True,FreeSync,
Gigabyte Aorus CV27Q,,Gigabyte,AORUS CV27Q,4719331805920,,2560 x 1440,165 Hz,"27""",VA,4,0,0,0,0,False,False,True,FreeSync,
Gigabyte Aorus FI27Q,,Gigabyte,AORUS FI27Q,4719331806392,,2560 x 1440,165 Hz,"27""",IPS,4,0,0,0,0,False,False,True,FreeSync,
Gigabyte Aorus FI27Q-P,,Gigabyte,AORUS FI27Q-P,4719331806538,,2560 x 1440,165 Hz,"27""",IPS,4,0,0,0,0,False,False,True,FreeSync,
Gigabyte Aorus FI27Q-X,,Gigabyte,AORUS FI27Q-X,4719331808730,,2560 x 1440,240 Hz,"27""",IPS,"0,3",0,0,0,0,False,False,True,,
Gigabyte Aorus FI32Q,,Gigabyte,AORUS FI32Q-EU,4719331811266,,2560 x 1440,170 Hz,"31.5""",IPS,1,0,0,0,0,False,False,False,,
Gigabyte Aorus FO48U,,Gigabyte,AORUS FO48U,4719331814762,,3840 × 2160,120 Hz,"48.8""",OLED,1,0,0,0,0,False,False,False,,
Gigabyte Aorus FV43U,,Gigabyte,AORUS FV43U,4719331810924,,3840 × 2160,144 Hz,"43""",VA,1,0,0,0,0,True,False,False,,
Gigabyte Aorus KD25F,,Gigabyte,AORUS KD25F,4719331805500,,1920 x 1080,240 Hz,"24""",TN,"0,5",0,0,0,0,False,False,True,FreeSync,
GIGABYTE G24F 2,,Gigabyte,G24F 2,4719331836566,,1920 x 1080,165 Hz,"23.8""",IPS,1,0,0,0,0,False,False,True,,
GIGABYTE G27F 2,,Gigabyte,G27F 2,4719331836306,,1920 x 1080,165 Hz,"27""",IPS,1,0,0,0,0,False,False,True,,
Gigabyte G27FC,,Gigabyte,G27FC,4719331807825,,1920 x 1080,165 Hz,"27""",VA,4,0,0,0,0,False,True,True,FreeSync,
Gigabyte G27FC-A,,Gigabyte,G27FC-A,4719331811419,,1920 x 1080,165 Hz,"27""",VA,1,0,0,0,0,True,False,True,,
Gigabyte G32QC,,Gigabyte,G32QC-EK,4719331808181,,2560 x 1440,165 Hz,"31.5""",VA,4,0,0,0,0,False,False,True,FreeSync,
Gigabyte G34WQC A,,Gigabyte,G34WQC A,4719331822842,889523028650,3440 x 1440,144 Hz,"34""",VA,1,0,0,0,0,False,False,True,,
Gigabyte M27Q X,,Gigabyte,M27Q X,4719331814724,,2560 x 1440,240 Hz,"27""",IPS,1,0,0,0,0,True,False,True,,
Gigabyte M32Q,,Gigabyte,M32Q,4719331809928,,2560 x 1440,170 Hz,"31.5""",IPS,"0,8",0,0,0,0,True,False,True,,
Gigabyte M32QC,,Gigabyte,M32QC,4719331810474,,2560 x 1440,165 Hz,"31.5""",VA,1,0,0,0,0,False,False,True,,
Gigabyte M32U,,Gigabyte,M32U,4719331809980,,3840 × 2160,144 Hz,"31.5""",IPS,1,0,0,0,0,False,False,True,,
Gigabyte M34WQ,,Gigabyte,M34WQ,4719331814618,,3440 x 1440,144 Hz,"34""",IPS,1,0,0,0,0,True,False,True,,
HP Envy 34 curved,,HP,W3T65AA#ABB,0889899541753,,3440 x 1440,60 Hz,"34""",VA,6,0,0,0,0,True,True,False,,
HP Omen 25,,HP,Z7Y57AA#ABB,0190781396475,,1920 x 1080,144 Hz,"24.5""",TN,1,0,0,0,0,False,False,False,,
HP Omen X,,HP,X3W57AA#ABB,0889899871591,,3440 x 1440,100 Hz,"35""",VA,4,0,0,0,0,False,False,True,G-Sync,
HP Omen X 25,,HP,4NK94AA#ABB,0192545806480,,1920 x 1080,240 Hz,"24.5""",TN,3,0,0,0,0,False,False,True,,
HP Pavilion 32,$348.17 USD,HP,4WH45AA#ABB,0193015261624,,2560 x 1440,60 Hz,"31.5""",VA,5,0,0,0,0,False,False,False,FreeSync,https://www.amazon.ca/dp/B07PDMYM5K?tag=pckombo04b-20&linkCode=osi&th=1&psc=1
HP Pavilion Gaming 25x 62,$223.3 USD,HP,3WL50AA#ABB,0192545252577,,1920 x 1080,144 Hz,"24.5""",TN,1,0,0,0,0,False,False,True,FreeSync,https://www.amazon.ca/dp/B07FJZ9J4F?tag=pckombo04b-20&linkCode=osi&th=1&psc=1
HP Pavilion Gaming 27xq 68,$355.5 USD,HP,3WL54AA#ABB,0192545213608,,2560 x 1440,144 Hz,"27""",TN,1,0,0,0,0,False,False,True,FreeSync,https://www.amazon.ca/dp/B07FCHFH3Z?tag=pckombo04b-20&linkCode=osi&th=1&psc=1
HP Pavilion Gaming 32 HDR,$435.22 USD,HP,3BZ12AA#ABB,0192545588386,,2560 x 1440,122 Hz,"32""",VA,5,0,0,0,0,False,False,False,FreeSync,https://www.amazon.ca/dp/B07CMK62BG?tag=pckombo04b-20&linkCode=osi&th=1&psc=1
HP U28,,HP,1Z980AA#ABB,0194850451683,,3840 × 2160,60 Hz,"28""",IPS,4,0,0,0,0,False,False,False,,
HP X24ih,,HP,2W925AA#ABB,0194850573828,,1920 x 1080,144 Hz,"23.8""",IPS,1,0,0,0,0,False,False,False,,
iiyama G-Master G2770HSU-B1 Red Eagle,,iiyama,G2770HSU-B1,4948570117741,,1920 x 1080,165 Hz,"27""",IPS,"0,8",0,0,0,0,True,False,False,,
iiyama G-Master GB2760QSU-B1 Red Eagle,,iiyama,GB2760QSU-B1,4948570115419,,2560 x 1440,144 Hz,"27""",TN,1,0,0,0,0,True,False,True,,
iiyama ProLite XUB2493QSU-B1,,iiyama,XUB2493QSU-B1,4948570118557,,2560 x 1440,60 Hz,"23.8""",IPS,4,0,0,0,0,True,False,True,,
iiyama ProLite XUB3293UHSN-B1,,iiyama,XUB3293UHSN-B1,4948570118175,,3840 × 2160,60 Hz,"31.5""",IPS,4,0,0,0,0,True,False,True,,
Lamptron HM101 - Hardware Monitor und virtuelle Tastatur,,Lamptron,LAMP-HM101T,6900628202838,,1920 x 1080,75 Hz,"10.1""",IPS,[],0,0,0,0,False,False,False,,
Lamptron HM101 Hardware Monitor,,Lamptron,LAMP-HM101,6900628202647,,1920 x 1080,60 Hz,"10 Zoll""",IPS,[],0,0,0,0,False,False,False,,
Lamptron HM140 - Hardware Monitor,,Lamptron,LAMP-HM140,6900628202678,,3840 x 1100 Pixel,75 Hz,"14""",IPS,[],0,0,0,0,False,False,False,,
Lamptron HX070 - Hardware Monitor,,Lamptron,LAMP-HX070,6900628401934,,1024 x 600 Pixel,60 Hz,"7""",IPS,[],0,0,0,0,False,False,False,,
LG 24BK550Y-B,$141.44 USD,LG,24BK550Y-B.AEU,8806084080233,,1920 x 1080,60 Hz,"23.8""",IPS,5,0,0,0,0,False,False,True,,https://www.amazon.ca/dp/B01N9Z9SFO?tag=pckombo04b-20&linkCode=osi&th=1&psc=1
LG 24BK750Y-B,,LG,24BK750Y-B.AEU,8806084657282,,1920 x 1080,60 Hz,"23.8""",IPS,5,1,1,1,0,False,False,True,,
LG 24BN650Y-B,,LG,24BN650Y-B,8806098738298,,1920 x 1080,122 Hz,"23.8""",IPS,5,0,0,0,0,False,False,True,,
LG 24BP450S-B,,LG,24BP450S-B.AEU,8806091581877,,1920 x 1080,75 Hz,"23.8""",IPS,5,0,0,0,0,True,False,True,,
LG 24GL600F-B,$145.07 USD,LG,24GL600F-B,8806098421145,,1920 x 1080,144 Hz,"23.6""",TN,1,0,0,0,0,False,False,False,,https://www.amazon.ca/LG-Ultragear-24GL600F-B-FreeSync-Technology/dp/B07NHSJ1RF?psc=1&SubscriptionId=AKIAI7B523DQIKTQ3BRQ&tag=pckombo04b-20&linkCode=xm2&camp=2025&creative=165953&creativeASIN=B07NHSJ1RF
LG 24GM79G-B,$203.09 USD,LG,24GM79G-B.AEU,8806084472786,,1920 x 1080,144 Hz,"24""",TN,1,1,1,0,0,False,False,True,FreeSync,https://www.amazon.ca/dp/B06Y634VP9?tag=pckombo04b-20&linkCode=osi&th=1&psc=1
LG 24MB56HQ-B,,LG,24MB56HQ-B,8806084891822,,1920 x 1080,122 Hz,"24""",IPS,5,1,1,0,1,False,False,True,,
LG 24UD58-B,,LG,24UD58-B,8806087854558,,3840 × 2160,60 Hz,"23.8""",IPS,5,0,0,0,0,False,False,False,FreeSync,
LG 27BN65Q-B,,LG,27BN65Q-B,8806091076489,,2560 x 1440,75 Hz,"27""",IPS,5,0,0,0,0,True,False,True,,
LG 27GK750F-B,,LG,27GK750F-B,8806098089710,,1920 x 1080,240 Hz,"27""",TN,2,0,0,0,0,False,False,True,FreeSync,
LG 27MB35PH-B,,LG,27MB35PH-B,8806087892284,,1920 x 1080,60 Hz,"27""",IPS,5,1,0,1,1,False,False,True,,
LG 27QD58P-B,,LG,27QD58P-B,8806098066018,,2560 x 1440,60 Hz,"27""",IPS,5,0,0,0,0,True,False,True,FreeSync,
LG 27QN880-B,,LG,27QN880-B,8806098724734,,2560 x 1440,75 Hz,"27""",IPS,5,0,0,0,0,False,False,True,,
LG 27UD58P-B,,LG,27UD58P-B.AEU,8806087895803,,3840 × 2160,60 Hz,"27""",IPS,5,0,0,0,0,False,False,True,,
LG 27UD69-W,,LG,27UD69-W,8806087301403,,3840 × 2160,60 Hz,"27""",IPS,5,2,1,0,0,False,False,True,FreeSync,
LG 27UD88-W,$577.15 USD,LG,27UD88-W.AEU,8806087593259,,3840 × 2160,60 Hz,"27""",IPS,5,1,1,0,0,False,False,True,FreeSync,https://www.amazon.ca/dp/B01CDYB0QS?tag=pckombo04b-20&linkCode=osi&th=1&psc=1
LG 27UK850-W,$408.44 USD,LG,27UK850-W,8806098110322,,3840 × 2160,60 Hz,"27""",IPS,5,0,0,0,0,False,False,True,FreeSync,https://www.amazon.ca/LG-27UK850-W-Monitor-Connectivity-FreeSync/dp/B078GVTD9N?psc=1&SubscriptionId=AKIAI7B523DQIKTQ3BRQ&tag=pckombo04b-20&linkCode=xm2&camp=2025&creative=165953&creativeASIN=B078GVTD9N
LG 27UL850-W,$505.29 USD,LG,27UL850-W,8806098420957,,3840 × 2160,60 Hz,"27""",IPS,4,0,0,0,0,False,False,True,FreeSync,https://www.amazon.ca/dp/B07MKT1W65?tag=pckombo04b-20&linkCode=osi&th=1&psc=1
LG 29UM69G,$203.09 USD,LG,29UM69G,8806087300130,,2560 x 1080,122 Hz,"29""",IPS,5,2,1,0,0,True,False,False,FreeSync,https://www.amazon.ca/dp/B06Y634VP9?tag=pckombo04b-20&linkCode=osi&th=1&psc=1
LG 32GK850F-B,,LG,32GK850F-B,8806098089741,,2560 x 1440,144 Hz,"31.5""",VA,5,0,0,0,0,False,False,True,FreeSync,
LG 32UD99-W,,LG,32UD99-W.AEU,8806084852304,,3840 × 2160,60 Hz,"31.5""",IPS,5,0,0,0,0,False,False,True,FreeSync,
LG 32UK550-B,$311.9 USD,LG,32UK550-B,8806098343171,,3840 × 2160,60 Hz,"31.5""",VA,4,0,0,0,0,True,False,True,FreeSync,https://www.amazon.ca/LG-32UK550-B-Monitor-Freesync-Technology/dp/B07NFTWHSG?SubscriptionId=AKIAI7B523DQIKTQ3BRQ&tag=pckombo04b-20&linkCode=xm2&camp=2025&creative=165953&creativeASIN=B07NFTWHSG
LG 34CB88-B,,LG,34CB88-B,8806087883930,,3440 x 1440,60 Hz,"34""",IPS,5,0,0,0,0,True,True,True,FreeSync,
LG 34GK950F-B,$870.44 USD,LG,34GK950F-B,8806098251223,,3440 x 1440,144 Hz,"34""",IPS,5,0,0,0,0,False,False,True,FreeSync,https://www.amazon.ca/LG-34GK950F-B-34-21-Ultragear/dp/B0798Q8KG4?SubscriptionId=AKIAI7B523DQIKTQ3BRQ&tag=pckombo04b-20&linkCode=xm2&camp=2025&creative=165953&creativeASIN=B0798Q8KG4
LG 34UB67-B,,LG,34UB67-B.AEU,8806087397420,,2560 x 1080,60 Hz,"34""",IPS,5,0,0,0,0,False,False,True,,
LG 34UB88-B,,LG,34UB88-B,8806087883954,,3440 x 1440,60 Hz,"34""",IPS,5,0,0,0,0,True,False,True,,
LG 34UC88-B,,LG,34UC88-B,8806087605112,,3440 x 1440,122 Hz,"34""",IPS,5,0,0,0,0,True,True,True,FreeSync,
LG 34UC99-W,,LG,34UC99-W.AEU,8806087300888,,3440 x 1440,60 Hz,"34""",IPS,5,0,0,0,0,True,True,True,FreeSync,
LG 34UM69G,$304.65 USD,LG,34UM69G-B,8806087301045,,2560 x 1080,122 Hz,"34""",IPS,5,0,0,0,0,False,False,True,FreeSync,https://www.amazon.ca/LG-34UM69G-B-34-UltraWide-Reduction/dp/B06XFXX5JH?psc=1&SubscriptionId=AKIAI7B523DQIKTQ3BRQ&tag=pckombo04b-20&linkCode=xm2&camp=2025&creative=165953&creativeASIN=B06XFXX5JH
LG 34UM88C-P,,LG,34UM88C,8806087605099,,3440 x 1440,60 Hz,"34""",IPS,5,0,0,0,0,True,False,True,FreeSync,
LG 34WK500-P,,LG,34WK500-P.AEU,8806098100668,,2560 x 1080,60 Hz,"34""",IPS,5,0,0,0,0,False,False,False,FreeSync,
LG 34WK650-W,$326.41 USD,LG,34WK650-W,8806098110469,,2560 x 1080,122 Hz,"34""",IPS,5,0,0,0,0,True,False,True,FreeSync,https://www.amazon.ca/LG-Electronics-34WK650-W-Ultra-Monitor/dp/B078GSH1LV?psc=1&SubscriptionId=AKIAI7B523DQIKTQ3BRQ&tag=pckombo04b-20&linkCode=xm2&camp=2025&creative=165953&creativeASIN=B078GSH1LV
LG 34WK95C-W,$880.12 USD,LG,34WK95C-W,8806098251377,,3440 x 1440,60 Hz,"34""",IPS,5,0,0,0,0,True,True,True,FreeSync,https://www.amazon.ca/LG-34WK95C-W-Ultrawide-Monitor-Display/dp/B07MRKX5WW?SubscriptionId=AKIAI7B523DQIKTQ3BRQ&tag=pckombo04b-20&linkCode=xm2&camp=2025&creative=165953&creativeASIN=B07MRKX5WW
LG 34WK95U-W,,LG,34WK95U-W,8806098206131,,5120 x 2160,60 Hz,"34""",IPS,5,0,0,0,0,True,False,True,,
LG 35WN75C-B,,LG,35WN75C-B,8806098724680,,3440 x 1440,100 Hz,"35""",VA,5,0,0,0,0,True,False,True,,
LG 38UC99-W,,LG,38UC99-W.AEU,8806087899580,,3840 x 1600,60 Hz,"38""",IPS,5,0,0,0,0,True,True,False,FreeSync,
LG 38WK95C,,LG,38WK95C-W.AEU,8806098110513,,3840 x 1600,122 Hz,"37.5""",IPS,5,0,0,0,0,True,True,True,FreeSync,
LG 43UD79-B,,LG,43UD79-B.AEU,8806087352559,,3840 × 2160,60 Hz,"43""",IPS,5,0,0,0,0,True,False,False,,
LG 43UN700-B 109,,LG,43UN700-B.AEU,8806098699773,,3840 × 2160,60 Hz,"43""",IPS,5,0,0,0,0,True,False,False,,
LG 49WL95C-WE,,LG,49WL95C-WE,8806091221599,,5120 x 1440,60 Hz,"49""",IPS,5,0,0,0,0,True,False,True,,
LG UltraGear 27GL63T,,LG,27GL63T-B,8806098625109,,1920 x 1080,144 Hz,"27""",IPS,5,0,0,0,0,False,False,True,FreeSync,
LG UltraGear 27GN600,,LG,27GN600,8806091068699,,1920 x 1080,144 Hz,"27""",IPS,1,0,0,0,0,False,False,False,,
LG UltraGear 27GN650-B,,LG,27GN650-B.AEU,8806091153777,,1920 x 1080,144 Hz,"27""",IPS,1,0,0,0,0,False,False,True,,
LG UltraGear 27GN750-B,,LG,27GN750-B,8806098637133,,1920 x 1080,240 Hz,"27""",IPS,1,0,0,0,0,False,False,True,FreeSync,
LG UltraGear 27GN800-B,,LG,27GN800-B.AEU,8806091068651,,2560 x 1440,144 Hz,"27""",IPS,1,0,0,0,0,False,False,False,,
LG UltraGear 27UL650-W,$282.16 USD,LG,27UL650-W,8806098421053,,3840 × 2160,60 Hz,"27""",IPS,5,0,0,0,0,False,False,True,,https://www.amazon.ca/dp/B07MKT2BNB?tag=pckombo04b-20&linkCode=osi&th=1&psc=1
LG UltraGear 32GN600,,LG,32GN600,8806091068613,,2560 x 1440,165 Hz,"32""",IPS,5,0,0,0,0,False,False,False,,
LG UltraGear 32GP850-B,,LG,32GP850-B.AEU,8806091278814,,2560 x 1440,180 Hz,"31.5""",IPS,1,0,0,0,0,False,False,True,,
LG UltraGear 34GL750-B,$435.22 USD,LG,34GL750-B,8806098532995,,2560 x 1080,144 Hz,"34""",IPS,5,0,0,0,0,False,False,True,FreeSync,https://www.amazon.ca/LG-34GL750-inch-21-Ultragear/dp/B07R5R9VR9?psc=1&SubscriptionId=AKIAI7B523DQIKTQ3BRQ&tag=pckombo04b-20&linkCode=xm2&camp=2025&creative=165953&creativeASIN=B07R5R9VR9
LG UltraGear 34GP950G-B,,LG,34GP950G-B,8806091365798,,3440 x 1440,180 Hz,"34""",IPS,1,0,0,0,0,False,False,True,,
LG UltraGear 38GL950G,,LG,38GL950G-B,8806098532971,,3840 x 1600,175 Hz,"37.5""",IPS,1,0,0,0,0,False,False,True,,
LG UltraWide 34WL500-B,,LG,34WL500-B,8806098487295,,2560 x 1080,122 Hz,"34""",IPS,5,0,0,0,0,False,False,False,FreeSync,
LG UltraWide 34WN80C-B,,LG,34WN80C-B,8806098567836,,3440 x 1440,60 Hz,"34""",IPS,5,0,0,0,0,False,True,True,,
LG UltraWide 38WN95C-W,,LG,38WN95C-W,8806098724703,,3840 x 1600,144 Hz,"38""",IPS,1,0,0,0,0,True,False,True,,
Monoprice Dark Matter,,Monoprice,143263,0889028174814,,5120 x 1440,120 Hz,"49""","Quantum Dot, VA",4,0,0,0,0,False,False,False,,
Monoprice Dark Matter,,Monoprice,143246,0889028159590,,3440 x 1440,144 Hz,"34""","Quantum Dot, VA",4,0,0,0,0,False,False,False,,
Monoprice Zero-G,,Monoprice,141751,0889028159620,,3440 x 1440,100 Hz,"35""",VA,4,0,0,0,0,False,False,False,,
MSI G321CUVDE,,MSI,9S6-3DA21A-022,4719072955403,,3840 × 2160,60 Hz,"31.5""",VA,4,0,0,0,0,False,False,False,,
MSI Optix G273QFDE,,MSI,9S6-3CA81A-041,4719072767976,,2560 x 1440,165 Hz,"27""",IPS,1,0,0,0,0,False,False,False,,
MSI Optix MAG274QRFDE-QD,,MSI,9S6-3CA8DA-028,4719072745608,,2560 x 1440,165 Hz,"27""",IPS,1,0,0,0,0,False,False,True,,
MSI Optix MAG274QRXDE,,MSI,9S6-3CA88A-073,4719072873486,,2560 x 1440,240 Hz,"27""",IPS,1,0,0,0,0,False,False,True,,
MSI Optix MAG301CR2DE,,MSI,9S6-3CB45H-011,4719072748746,,2560 x 1080,200 Hz,"29.5""",VA,4,0,0,0,0,False,False,True,,
MSI Optix MAG321QRDE,,MSI,9S6-3DB97A-002,4719072785901,,2560 x 1440,165 Hz,"31.5""",IPS,4,0,0,0,0,False,False,True,,
MSI Optix MEG381CQRDE Plus,,MSI,9S6-3EA45T-002,4719072766344,,3840 x 1600,175 Hz,"37.5""",IPS,1,0,0,0,0,False,False,True,,
MSI Optix MPG321QRFDE-QD,,MSI,9S6-3DB88T-002,4719072794538,,2560 x 1440,175 Hz,"32""",IPS,1,0,0,0,0,False,False,True,,
MSI Optix MPG321URDE-QD,,MSI,9S6-3DC07T-002,4719072794651,,3840 × 2160,144 Hz,"32""",IPS,4,0,0,0,0,False,False,True,,
Philips 223S7EHMB,,Philips,223S7EHMB/00,8712581744366,,1920 x 1080,60 Hz,"21.5""",IPS,5,0,0,0,0,True,False,True,,
Philips 243S7EHMB,,Philips,243S7EHMB/00,8712581744281,,1920 x 1080,60 Hz,"23.8""",IPS,5,0,0,0,0,True,False,True,,
Philips 243V7QDSB,$68.9 USD,Philips,243V7QDSB,8712581742331,,1920 x 1080,60 Hz,"23.8""",IPS,5,0,0,0,0,False,False,False,,https://www.amazon.ca/dp/B0BRR4ZGNP?tag=pckombo04b-20&linkCode=osi&th=1&psc=1
Philips 245C7QJSB,,Philips,245C7QJSB/00,8712581741563,,1920 x 1080,60 Hz,"24""",IPS,5,1,1,0,1,False,False,False,,
Philips 273V7QDSB,,Philips,273V7QDSB,8712581742911,,1920 x 1080,60 Hz,"27""",IPS,5,0,0,0,0,False,False,False,,
Philips 276E8FJAB,,Philips,276E8FJAB/00,8712581745141,,2560 x 1440,60 Hz,"27""",IPS,4,0,0,0,0,True,False,False,,
Philips 278E8QJAB,,Philips,278E8QJAB/00,8712581745134,,1920 x 1080,60 Hz,"27""",VA,4,1,1,0,1,True,True,False,,
Philips 328E8QJAB5,,Philips,328E8QJAB5/00,8712581745240,,1920 x 1080,60 Hz,"32""",VA,5,0,0,0,0,True,True,False,,
Philips 436M6VBPAB,,Philips,436M6VBPAB/00,8712581748784,,3840 × 2160,60 Hz,"43""",VA,5,0,0,0,0,False,False,False,FreeSync,
Philips Brilliance 288P6LJEB,,Philips,288P6LJEB/00,8712581716752,,3840 × 2160,60 Hz,"28""",TN,1,0,0,0,0,True,False,True,,
Philips Brilliance 349P7FUBEB,,Philips,349P7FUBEB/00,8712581752279,,3440 x 1440,60 Hz,"34""",VA,4,0,0,0,0,True,True,True,,
Philips Brilliance 349X7FJEW,,Philips,349X7FJEW/00,8712581741648,,3440 x 1440,60 Hz,"34""",VA,5,0,0,0,0,True,True,True,FreeSync,
Philips Brilliance BDM3270QP2,,Philips,BDM3270QP2/00,8712581741020,,2560 x 1440,60 Hz,"32""",MVA,4,1,1,1,1,True,False,True,,
Philips Brilliance BDM4037UW,,Philips,BDM4037UW,8712581741136,,3840 × 2160,60 Hz,"40""",VA,4,0,0,0,0,True,True,False,,
Philips Brilliance BDM4350UC,,Philips,BDM4350UC/00,8712581738105,,3840 × 2160,60 Hz,"42.5""",IPS,5,0,0,0,0,True,False,False,,
Philips E-Line 242E1GAEZ,,Philips,242E1GAEZ/00,8712581770686,,1920 x 1080,144 Hz,"23.8""",VA,4,0,0,0,0,True,False,True,,
Philips E-Line 242E1GAJ,,Philips,242E1GAJ/00,8712581769840,,1920 x 1080,144 Hz,"23.8""",VA,4,0,0,0,0,True,False,False,,
Philips E-Line 245E1S,,Philips,245E1S/00,8712581758530,,2560 x 1440,75 Hz,"23.8""",IPS,4,0,0,0,0,False,False,False,FreeSync,
Philips E-Line 272E1GAJ,,Philips,272E1GAJ/00,8712581769864,,1920 x 1080,144 Hz,"27""",VA,4,0,0,0,0,True,False,False,,
Philips E-Line 275E2FAE,,Philips,275E2FAE/00,8712581767648,,2560 x 1440,75 Hz,"27""",IPS,4,0,0,0,0,True,False,True,,
Philips E-Line 278E1A,,Philips,278E1A/00,8712581760069,,3840 × 2160,60 Hz,"27""",IPS,4,0,0,0,0,True,False,False,,
Philips E-Line 325E1C,,Philips,325E1C/00,8712581758493,,2560 x 1440,122 Hz,"31.5""",VA,4,0,0,0,0,False,False,False,FreeSync,
Philips E-Line 328E1CA,,Philips,328E1CA/00,8712581758516,,3840 × 2160,60 Hz,"31.5""",VA,4,0,0,0,0,True,False,False,FreeSync,
Philips E-Line 345E2AE,,Philips,345E2AE/00,8712581767587,,3440 x 1440,75 Hz,"34""",IPS,4,0,0,0,0,True,False,True,,
Philips Momentum 439P9H,,Philips,439P9H/00,8712581759568,,3840 x 1200,100 Hz,"34""",VA,4,0,0,0,0,True,True,True,FreeSync,
Philips P-Line 329P9H,,Philips,329P9H/00,8712581756826,,3840 × 2160,60 Hz,"31.5""",IPS,5,0,0,0,0,True,False,True,,
Razer Raptor,,Razer,RZ39-03500100-R3G1,8886419367239,,2560 x 1440,165 Hz,"27""",IPS,4,0,0,0,0,False,False,True,,
Razer Raptor 27,,Razer,RZ39-02760100-R3G1,8886419366768,,2560 x 1440,144 Hz,"27""",IPS,4,0,0,0,0,False,False,True,,
Samsung C24F390FH,,SAMSUNG,LC24F390FHUXEN,8806088209289,,1920 x 1080,60 Hz,"23.5""",VA,4,0,0,0,0,False,True,False,FreeSync,
Samsung C24F390FHU,,SAMSUNG,LC24F390FHRXEN,8806090969355,,1920 x 1080,60 Hz,"24""",VA,4,0,0,0,0,False,False,False,,
Samsung C24F396FHU,,SAMSUNG,LC24F396FHUXEN,8806088379173,,1920 x 1080,60 Hz,"24""",VA,4,0,0,0,0,False,True,False,FreeSync,
Samsung C24FG70,,SAMSUNG,LC24FG70FQUXEN,8806088546636,,1920 x 1080,144 Hz,"23.5""",VA,1,2,0,0,0,False,False,True,FreeSync,
Samsung C24FG73,,SAMSUNG,LC24FG73FQUXEN,8806088842905,,1920 x 1080,144 Hz,"23.5""",VA,1,0,0,0,0,False,True,True,FreeSync,
Samsung C24RG5,,SAMSUNG,LC24RG5,8801643736323,,1920 x 1080,144 Hz,"24""",VA,4,0,0,0,0,False,True,False,FreeSync,
Samsung C24T550,,SAMSUNG,LC24T550FDRXEN,8806090961854,,1920 x 1080,75 Hz,"23.6""",VA,4,0,0,0,0,False,False,False,,
Samsung C27F390FHU,,SAMSUNG,LC27F390FHUXXE,8806088209296,,1920 x 1080,60 Hz,"27""",VA,4,0,0,0,0,False,True,False,FreeSync,
Samsung C27F396FHRXEN,,SAMSUNG,LC27F396FHRXEN,8806090969386,,1920 x 1080,60 Hz,"27""",VA,4,0,0,0,0,False,False,False,,
Samsung C27F396FHU,,SAMSUNG,LC27F396FHUXEN,8806088285634,,1920 x 1080,60 Hz,"27""",VA,4,0,0,0,0,False,True,False,FreeSync,
Samsung C27F591,,SAMSUNG,LC27F591FDUXEN,8806088212456,,1920 x 1080,60 Hz,"27""",VA,4,0,0,0,0,True,True,False,FreeSync,
Samsung C27FG70,,SAMSUNG,LC27FG70FQUXEN,8806088565156,,1920 x 1080,144 Hz,"27""",VA,1,1,1,0,0,False,False,True,FreeSync,
Samsung C27FG73,$31.9 USD,SAMSUNG,LC27FG73FQUXEN,8806088842929,,1920 x 1080,144 Hz,"27""",VA,1,0,0,0,0,False,True,True,FreeSync,https://www.amazon.ca/dp/B072JK2SF2?tag=pckombo04b-20&linkCode=osi&th=1&psc=1
Samsung C27H580,,SAMSUNG,LC27H580FDUXEN,8806088658667,,1920 x 1080,122 Hz,"27""",VA,4,1,1,0,1,False,True,False,FreeSync,
Samsung C27H711Q,,SAMSUNG,LC27H711QEUXEN,8806088594316,,2560 x 1440,60 Hz,"27""",VA,4,0,0,0,0,False,True,False,FreeSync,
Samsung C27HG70,,SAMSUNG,LC27HG70QQUXEN,8806088693620,,2560 x 1440,144 Hz,"27""",VA,1,0,0,0,0,False,True,True,FreeSync,
Samsung C27RG5,,SAMSUNG,LC27RG5,8801643983758,,1920 x 1080,240 Hz,"27""",VA,4,0,0,0,0,False,False,False,,
Samsung C27T550,,SAMSUNG,LC27T550FDUXEN,8806090423406,,1920 x 1080,122 Hz,"27""",VA,4,0,0,0,0,True,False,False,,
Samsung C32F391,,SAMSUNG,LC32F391FWUXEN,8806088254708,,1920 x 1080,60 Hz,"32""",VA,4,0,0,0,0,False,True,False,,
Samsung C32H711Q,,SAMSUNG,LC32H711QEUXEN,8806088594323,,2560 x 1440,60 Hz,"32""",VA,4,0,0,0,0,False,True,False,FreeSync,
Samsung C32HG70,,SAMSUNG,LC32HG70QQUXEN,8806088693637,,2560 x 1440,144 Hz,"32""",VA,1,0,0,0,0,False,True,True,FreeSync,
Samsung C32JG5,,SAMSUNG,LC32JG5,8801643348854,,2560 x 1440,144 Hz,"31.5""",TN,4,0,0,0,0,False,True,False,,
Samsung C32JG50F,,SAMSUNG,LC32JG50FQUXEN,8806090202520,,1920 x 1080,144 Hz,"32""",VA,4,0,0,0,0,False,False,False,FreeSync,
Samsung C32T550FDR,,SAMSUNG,LC32T550FDRXEN,8806090961878,,1920 x 1080,75 Hz,"31.5""",VA,4,0,0,0,0,True,False,False,,
Samsung C34F791,,SAMSUNG,LC34F791WQUXEN,8806088455235,,3440 x 1440,122 Hz,"34""",VA,4,0,0,0,0,True,True,False,FreeSync,
Samsung C34H890,,SAMSUNG,LC34H890WJUXEN,8806088780795,,3440 x 1440,122 Hz,"34""",VA,4,0,0,0,0,False,True,True,FreeSync,
Samsung C34J791,,SAMSUNG,LC34J791WTU,8801643205294,,3440 x 1440,122 Hz,"34""","VA, Quantum Dot",4,0,0,0,0,True,True,True,FreeSync,
Samsung C34J791,,SAMSUNG,LC34J791WTRXEN,8806090961076,,3440 x 1440,100 Hz,"34""",VA,4,0,0,0,0,False,False,True,,
Samsung C43J89 109,,SAMSUNG,LC43J89,8801643371852,,3840 x 1200,122 Hz,"43""",VA,5,0,0,0,0,False,True,True,,
Samsung C49HG90DMU,,SAMSUNG,LC49HG90DMUXEN,8806088859484,,3840 x 1080,144 Hz,"49""",VA,1,0,0,0,0,False,True,True,FreeSync,
Samsung C49J89,,SAMSUNG,LC49J890DKUXEN,8801643205317,,3840 x 1080,144 Hz,"49""",VA,5,0,0,0,0,False,False,True,,
Samsung C49J890,,SAMSUNG,LC49J890DKRXEN,8806092002197,,3840 x 1080,144 Hz,"49""",VA,5,0,0,0,0,True,False,True,,
Samsung C49RG9,,SAMSUNG,C49RG9,8801643751005,,5120 x 1440,122 Hz,"49""",VA,4,0,0,0,0,False,False,True,FreeSync,
Samsung Odyssey Ark,,SAMSUNG,LS55BG970NUXEN,8806094408072,,3840 × 2160,165 Hz,"54.6""",VA,1,0,0,0,0,True,False,True,,
Samsung Odyssey C49HG90DMR,,SAMSUNG,LC49HG90DMRXEN,8806092010604,,3840 x 1080,144 Hz,"49""",VA,4,0,0,0,0,False,False,True,,
Samsung Odyssey G5 C27G5,,SAMSUNG,LC27G5,8806090663994,,2560 x 1440,144 Hz,"27""",VA,1,0,0,0,0,False,False,False,,
Samsung Odyssey G5 C27G5,,SAMSUNG,LC27G55TQWRXEN,8806092005686,,2560 x 1440,144 Hz,"27""",VA,1,0,0,0,0,False,False,False,,
Samsung Odyssey G5 C32G5,,SAMSUNG,LC32G5,8806090663932,,2560 x 1440,144 Hz,"32""",VA,1,0,0,0,0,False,False,False,,
Samsung Odyssey G5 C34G5,,SAMSUNG,LC34G55TWWRXEN,8806090966873,,3440 x 1440,165 Hz,"34""",VA,1,0,0,0,0,False,False,False,,
Samsung Odyssey G5 G50A,,SAMSUNG,LS32AG520PUXEN,8806092828452,,2560 x 1440,165 Hz,"32""",IPS,1,0,0,0,0,False,False,True,,
Samsung Odyssey G9 C49G9,,SAMSUNG,LC49G95TSSUXEN,8806090424878,,5120 x 1440,240 Hz,"49""",VA,1,0,0,0,0,False,False,True,,
Samsung Odyssey G9 C49G9,,SAMSUNG,LC49G95TSSRXEN,8806092014831,,5120 x 1440,240 Hz,"49""",VA,1,0,0,0,0,False,False,True,,
Samsung Odyssey Neo G7 G75NB,,SAMSUNG,LS32BG750NUXEN,8806094338515,,3840 × 2160,165 Hz,"32""",VA,1,0,0,0,0,False,False,True,,
Samsung Odyssey Neo G9,,SAMSUNG,LS49AG950NUXEN,8806092522398,,5120 x 1440,240 Hz,"49""","Quantum Dot, VA",1,0,0,0,0,False,False,True,,
Samsung S24D330H,$25.08 USD,SAMSUNG,LS24D330HSX/EN,8806088440835,,1920 x 1080,60 Hz,"24""",TN,1,1,0,0,1,False,False,False,,https://www.amazon.ca/dp/B01IE3I5L0?tag=pckombo04b-20&linkCode=osi&th=1&psc=1
Samsung S24H850,,SAMSUNG,LS24H850QFUXEN,8806088799155,,2560 x 1440,60 Hz,"24""",IPS,5,0,0,0,0,False,False,True,,
Samsung S24R350FZU,,SAMSUNG,LS24R350FZUXEN,8806092176966,,1920 x 1080,75 Hz,"23.8""",IPS,5,0,0,0,0,False,False,False,,
Samsung S25HG50,,SAMSUNG,LS25HG50FQUXEN,8806088741437,,1920 x 1080,144 Hz,"24.5""",TN,1,2,1,0,0,False,False,True,FreeSync,
Samsung S27E330H,,SAMSUNG,LS27E330HSX/EN,8806088440842,,1920 x 1080,60 Hz,"27""",TN,1,1,0,0,1,False,False,False,,
Samsung S27E330H,$29.74 USD,SAMSUNG,LS27E330HZX/EN,8806088742908,,1920 x 1080,60 Hz,"27""",TN,1,0,0,0,0,False,False,False,,https://www.amazon.ca/dp/B01IE3IC6I?tag=pckombo04b-20&linkCode=osi&th=1&psc=1
Samsung S27F350,,SAMSUNG,LS27F350FHUXEN,8806088209357,,1920 x 1080,122 Hz,"27""",PLS,4,0,0,0,0,False,False,False,FreeSync,
Samsung S27H850,,SAMSUNG,LS27H850QFUXEN,8806088799179,,2560 x 1440,60 Hz,"27""",IPS,5,0,0,0,0,False,False,True,,
Samsung S27R7,,SAMSUNG,S27R754QEU,8801643751012,,2560 x 1440,144 Hz,"27""",VA,4,0,0,0,0,False,False,True,,
Samsung S32R7,,SAMSUNG,LS32R7,8801643776213,,3840 × 2160,60 Hz,"32""",VA,4,0,0,0,0,False,False,True,,
Samsung S34J550,,SAMSUNG,LS34J550WQUXEN,8801643414443,,3440 x 1440,60 Hz,"34""",VA,4,0,0,0,0,False,False,False,FreeSync,
Samsung S49A950UIU,,SAMSUNG,LS49A950UIUXEN,8806092713956,,5120 x 1440,120 Hz,"49""","Quantum Dot, VA",4,0,0,0,0,True,False,True,,
Samsung U28E570D,,SAMSUNG,LU28E570DS/EN,8806088385051,,3840 × 2160,60 Hz,"28""",TN,1,0,0,0,0,False,False,False,FreeSync,
Samsung U28E590D,,SAMSUNG,LU28E590DS/EN,8806086929493,,3840 × 2160,60 Hz,"28""",TN,1,0,0,0,0,False,False,True,FreeSync,
Samsung U28E850R,,SAMSUNG,LU28E85KRS/EN,8806086934381,,3840 × 2160,60 Hz,"28""",TN,1,0,0,0,0,False,False,True,FreeSync,
Samsung U28H750,,SAMSUNG,LU28H750UQUXEN,8806088673370,,3840 × 2160,60 Hz,"28""",TN,1,0,0,0,0,False,False,False,FreeSync,
Samsung U32H850,,SAMSUNG,LU32H850UMUXEN,8806088851747,,3840 × 2160,60 Hz,"32""",VA,4,0,0,0,0,False,False,True,FreeSync,
Samsung U32J59,,SAMSUNG,LU32J59,8801643212094,,3840 × 2160,60 Hz,"31.5""",VA,4,0,0,0,0,False,False,False,FreeSync,
Samsung U32R59,,SAMSUNG,U32R59,8801643751357,,3840 × 2160,60 Hz,"31.5""",VA,4,0,0,0,0,False,False,False,,
Samsung U32R590CWRXEN,,SAMSUNG,LU32R590CWRXEN,8806090961823,,3840 × 2160,60 Hz,"31.5""",VA,4,0,0,0,0,False,False,False,,
Viewsonic ELITE XG2405,$192.22 USD,ViewSonic,XG2405,0766907005035,,1920 x 1080,144 Hz,"23.8""",IPS,1,0,0,0,0,True,False,True,FreeSync,https://www.amazon.ca/dp/B081LTXZ1R?tag=pckombo04b-20&linkCode=osi&th=1&psc=1
Viewsonic ELITE XG240R,$154.0 USD,ViewSonic,XG240R,0766907993127,,1920 x 1080,144 Hz,"23.6""",TN,1,0,0,0,0,False,False,True,FreeSync,https://www.amazon.ca/dp/B07L53SFGG?tag=pckombo04b-20&linkCode=osi&th=1&psc=1
Viewsonic ELITE XG270,$311.9 USD,ViewSonic,XG270,0766907004779,,1920 x 1080,240 Hz,"27""",IPS,1,0,0,0,0,True,False,True,FreeSync,https://www.amazon.ca/dp/B07VL5SNG8?tag=pckombo04b-20&linkCode=osi&th=1&psc=1
Viewsonic ELITE XG270QC,$220.33 USD,ViewSonic,XG270QC,0766907004212,,2560 x 1440,165 Hz,"27""",MVA,3,0,0,0,0,True,True,True,FreeSync,https://www.amazon.ca/dp/B07VKPWYQ5?tag=pckombo04b-20&linkCode=osi&th=1&psc=1
Viewsonic VA2265SMH,$129.7 USD,ViewSonic,VA2265SMH,0766907790429,,1920 x 1080,60 Hz,"21.5""",MVA,5,1,0,0,1,True,False,False,,https://www.amazon.ca/ViewSonic-VA2265SMH-1080p-Monitor-HDMI/dp/B00RVGYHFK?psc=1&SubscriptionId=AKIAI7B523DQIKTQ3BRQ&tag=pckombo04b-20&linkCode=xm2&camp=2025&creative=165953&creativeASIN=B00RVGYHFK
Viewsonic VA3456-MHDJ,$331.49 USD,ViewSonic,VA3456-MHDJ,0766907010374,,3440 x 1440,75 Hz,"34""",VA,4,0,0,0,0,True,False,True,,https://www.amazon.ca/dp/B08TKGWGCW?tag=pckombo04b-20&linkCode=osi&th=1&psc=1
Viewsonic VP2468,$251.42 USD,ViewSonic,VP2468,0766907844818,,1920 x 1080,60 Hz,"24""",IPS,5,0,0,0,0,False,False,True,,https://www.amazon.ca/dp/B01HSABSGE?tag=pckombo04b-20&linkCode=osi&th=1&psc=1
Viewsonic VP2768,$424.95 USD,ViewSonic,VP2768,0766907893618,,2560 x 1440,60 Hz,"27""",IPS,5,0,0,0,0,False,False,True,,https://www.amazon.ca/dp/B06XYHDFVK?tag=pckombo04b-20&linkCode=osi&th=1&psc=1
Viewsonic VP2768-4K,$434.94 USD,ViewSonic,VP2768-4K,0766907000832,,3840 × 2160,60 Hz,"27""",IPS,5,0,0,0,0,False,False,True,,https://www.amazon.ca/dp/B07FDMGBQ1?tag=pckombo04b-20&linkCode=osi&th=1&psc=1
ViewSonic VP2768A,$398.3 USD,ViewSonic,VP2768A,0766907008968,,2560 x 1440,60 Hz,"27""",IPS,5,0,0,0,0,False,False,True,,https://www.amazon.ca/dp/B08L9VHCGP?tag=pckombo04b-20&linkCode=osi&th=1&psc=1
Viewsonic VP2785-2K,$508.13 USD,ViewSonic,VP2785-2K,0766907004571,,2560 x 1440,60 Hz,"27""",IPS,5,0,0,0,0,False,False,True,,https://www.amazon.ca/dp/B07VJLS3VR?tag=pckombo04b-20&linkCode=osi&th=1&psc=1
Viewsonic VP2785-4K,$760.19 USD,ViewSonic,VP2785-4K,0766907902112,,3840 × 2160,60 Hz,"27""",IPS,5,0,0,0,0,False,False,True,,https://www.amazon.ca/dp/B0748DGHSG?tag=pckombo04b-20&linkCode=osi&th=1&psc=1
Viewsonic VP3268-4K,$818.19 USD,ViewSonic,VP3268-4K,0766907903614,,3840 × 2160,122 Hz,"32""",IPS,5,0,0,0,0,True,False,True,,https://www.amazon.ca/dp/B0731LYY9P?tag=pckombo04b-20&linkCode=osi&th=1&psc=1
Viewsonic VP3481,$650.16 USD,ViewSonic,VP3481,0766907002287,,3440 x 1440,122 Hz,"34""","VA, MVA",5,0,0,0,0,True,True,True,,https://www.amazon.ca/dp/B07SPHL3HF?tag=pckombo04b-20&linkCode=osi&th=1&psc=1
Viewsonic VP3481A,,ViewSonic,VP3481A,0766907040104,,3440 x 1440,100 Hz,"34""",MVA,5,0,0,0,0,True,False,True,,
Viewsonic VX2276-SMHD,$123.31 USD,ViewSonic,VX2276-SMHD,0766907834321,,1920 x 1080,60 Hz,"21.5""",IPS,4,1,1,0,1,True,False,False,,https://www.amazon.ca/dp/B01GE9QSVK?tag=pckombo04b-20&linkCode=osi&th=1&psc=1
Viewsonic VX2457-MHD,$153.78 USD,ViewSonic,VX2457-MHD,0766907817911,,1920 x 1080,122 Hz,"23.6""",TN,1,0,0,0,0,True,False,False,FreeSync,https://www.amazon.ca/dp/B018MYTH9U?tag=pckombo04b-20&linkCode=osi&th=1&psc=1
Viewsonic VX2458-C-MHD,$145.58 USD,ViewSonic,VX2458-C-MHD,0766907975819,,1920 x 1080,144 Hz,"24""",VA,1,0,0,0,0,True,False,False,FreeSync,https://www.amazon.ca/dp/B07H5GNR18?tag=pckombo04b-20&linkCode=osi&th=1&psc=1
Viewsonic VX2458-MHD,$195.84 USD,ViewSonic,VX2458-MHD,0766907985016,,1920 x 1080,144 Hz,"24""",TN,1,0,0,0,0,False,False,False,FreeSync,https://www.amazon.ca/dp/B07JK6XMSN?tag=pckombo04b-20&linkCode=osi&th=1&psc=1
Viewsonic VX2476-SMHD,$142.17 USD,ViewSonic,VX2476-SMHD,0766907848410,,1920 x 1080,60 Hz,"23.6""",IPS,4,0,0,0,0,True,False,False,,https://www.amazon.ca/dp/B01GV9H1RS?tag=pckombo04b-20&linkCode=osi&th=1&psc=1
ViewSonic VX2718-2KPC-MHD,$166.1 USD,ViewSonic,VX2718-2KPC-MHD,0766907009637,,2560 x 1440,165 Hz,"27""",VA,1,0,0,0,0,True,False,False,,https://www.amazon.ca/dp/B08DLC9HBG?tag=pckombo04b-20&linkCode=osi&th=1&psc=1
Viewsonic VX2718-P-MHD,$168.56 USD,ViewSonic,VX2718-P-MHD,0766907011272,,1920 x 1080,165 Hz,"27""",VA,1,0,0,0,0,True,False,False,,https://www.amazon.ca/dp/B08V8LJS5B?tag=pckombo04b-20&linkCode=osi&th=1&psc=1
Viewsonic VX2757-MHD,$207.11 USD,ViewSonic,VX2757-MHD,0766907825114,,1920 x 1080,122 Hz,"27""",TN,1,0,0,0,0,True,False,False,,https://www.amazon.ca/dp/B01A0ZRRCI?tag=pckombo04b-20&linkCode=osi&th=1&psc=1
Viewsonic VX2758-C-MH,$239.37 USD,ViewSonic,VX2758-C-MH,0766907952711,,1920 x 1080,144 Hz,"27""",TN,5,0,0,0,0,True,False,False,FreeSync,https://www.amazon.ca/dp/B078ZJHD25?tag=pckombo04b-20&linkCode=osi&th=1&psc=1
Viewsonic VX2758-P-MHD,$213.53 USD,ViewSonic,VX2758-P-MHD,0766907003000,,1920 x 1080,144 Hz,"27""",TN,1,0,0,0,0,True,False,False,FreeSync,https://www.amazon.ca/dp/B07SC5NH91?tag=pckombo04b-20&linkCode=osi&th=1&psc=1
Viewsonic VX2758-PC-MH,,ViewSonic,VX2758-PC-MH,0766907003925,,1920 x 1080,144 Hz,"27""",VA,4,0,0,0,0,True,False,False,FreeSync,
Viewsonic VX2776-4K-MHD,$377.19 USD,ViewSonic,VX2776-4K-MHD,0766907995817,,3840 × 2160,60 Hz,"27""",IPS,4,0,0,0,0,True,False,False,,https://www.amazon.ca/dp/B07RWD1JQ6?tag=pckombo04b-20&linkCode=osi&th=1&psc=1
Viewsonic VX2776-SMH,,ViewSonic,VX2776-SMH,0766907006490,,1920 x 1080,75 Hz,"27""",IPS,4,0,0,0,0,True,False,False,,
Viewsonic VX2776-SMHD,$148.69 USD,ViewSonic,VX2776-SMHD,0766907835724,,1920 x 1080,60 Hz,"27""",IPS,4,0,0,0,0,True,False,False,,https://www.amazon.ca/dp/B01GE9QWB6?tag=pckombo04b-20&linkCode=osi&th=1&psc=1
Viewsonic VX2778-SMHD,$302.08 USD,ViewSonic,VX2778-SMHD,0766907840018,,2560 x 1440,60 Hz,"27""",IPS,5,1,1,0,0,False,False,False,,https://www.amazon.ca/dp/B01GV9H6BE?tag=pckombo04b-20&linkCode=osi&th=1&psc=1
Viewsonic VX3211-2K-MHD,$235.7 USD,ViewSonic,VX3211-2K-MHD,0766907918410,,2560 x 1440,60 Hz,"32""",IPS,3,0,0,0,0,True,False,False,,https://www.amazon.ca/dp/B0746P6L45?tag=pckombo04b-20&linkCode=osi&th=1&psc=1
Viewsonic VX3211-4K-MHD,$293.4 USD,ViewSonic,VX3211-4K-MHD,0766907977912,,3840 × 2160,60 Hz,"32""",VA,3,0,0,0,0,False,False,False,FreeSync,https://www.amazon.ca/dp/B07F733RYH?tag=pckombo04b-20&linkCode=osi&th=1&psc=1
Viewsonic VX3211-MH,,ViewSonic,VX3211-MH,0766907918311,,1920 x 1080,60 Hz,"32""",IPS,3,0,0,0,0,True,False,False,,
Viewsonic VX3218-PC-MHD,$277.83 USD,ViewSonic,VX3218-PC-MHD,0766907010190,,1920 x 1080,165 Hz,"32""",VA,1,0,0,0,0,True,False,False,,https://www.amazon.ca/dp/B08V85DH1R?tag=pckombo04b-20&linkCode=osi&th=1&psc=1
Viewsonic VX3258-2KC-MHD,,ViewSonic,VX3258-2KPC-MHD,0766907002461,,2560 x 1440,144 Hz,"31.5""",VA,5,0,0,0,0,True,False,False,FreeSync,
Viewsonic VX3258-2KC-MHD,$301.94 USD,ViewSonic,VX3258-2KC-MHD,0766907952810,,2560 x 1440,144 Hz,"32""",VA,5,0,0,0,0,True,True,False,FreeSync,https://www.amazon.ca/ViewSonic-VX3258-2KC-MHD-Ultrawide-Monitor-FreeSync/dp/B07B8DXNDZ?psc=1&SubscriptionId=AKIAI7B523DQIKTQ3BRQ&tag=pckombo04b-20&linkCode=xm2&camp=2025&creative=165953&creativeASIN=B07B8DXNDZ
Viewsonic VX3268-2KPC-MHD,$209.19 USD,ViewSonic,VX3268-2KPC-MHD,0766907007732,,2560 x 1440,144 Hz,"31.5""",VA,3,0,0,0,0,True,False,False,,https://www.amazon.ca/dp/B08D5H24N8?tag=pckombo04b-20&linkCode=osi&th=1&psc=1
Viewsonic VX3276-2K-MHD,$226.19 USD,ViewSonic,VX3276-2K-MHD,0766907953633,,2560 x 1440,122 Hz,"32""",IPS,3,0,0,0,0,True,False,False,,https://www.amazon.ca/dp/B0787XMLZQ?tag=pckombo04b-20&linkCode=osi&th=1&psc=1
Viewsonic VX3276-4K-MHD,$301.81 USD,ViewSonic,VX3276-4K-MHD,0766907002966,,3840 × 2160,60 Hz,"31.5""",VA,4,0,0,0,0,True,False,False,,https://www.amazon.ca/dp/B07SRDX1Z1?tag=pckombo04b-20&linkCode=osi&th=1&psc=1
Viewsonic VX3418-2KPC,$330.06 USD,ViewSonic,VX3418-2KPC,0766907011494,,3440 x 1440,144 Hz,"34""",VA,1,0,0,0,0,True,False,True,,https://www.amazon.ca/dp/B08ZT31QCN?tag=pckombo04b-20&linkCode=osi&th=1&psc=1
Viewsonic VX4380-4K,$710.86 USD,ViewSonic,VX4380-4K,0766907897418,,3840 × 2160,60 Hz,"43""",IPS,5,0,0,0,0,True,False,False,,https://www.amazon.ca/dp/B06XYTHP1M?tag=pckombo04b-20&linkCode=osi&th=1&psc=1
Viewsonic XG2401,$208.68 USD,ViewSonic,XG2401,0766907818116,,1920 x 1080,144 Hz,"24""",TN,1,0,0,0,0,True,False,True,FreeSync,https://www.amazon.ca/dp/B01A0ZRR50?tag=pckombo04b-20&linkCode=osi&th=1&psc=1
Viewsonic XG2402,$129.12 USD,ViewSonic,XG2402,0766907927412,,1920 x 1080,144 Hz,"24""",TN,1,0,0,0,0,True,False,True,FreeSync,https://www.amazon.ca/dp/B075D1B4SV?tag=pckombo04b-20&linkCode=osi&th=1&psc=1
Viewsonic XG2530,$341.09 USD,ViewSonic,XG2530,0766907906219,,1920 x 1080,240 Hz,"24.5""",TN,1,0,0,0,0,True,False,True,FreeSync,https://www.amazon.ca/dp/B071DTCPP3?tag=pckombo04b-20&linkCode=osi&th=1&psc=1
Viewsonic XG2700-4K,$530.15 USD,ViewSonic,XG2700-4K,0766907827323,,3840 × 2160,60 Hz,"27""",IPS,5,0,0,0,0,False,False,True,FreeSync,https://www.amazon.ca/dp/B01A0ZRQTW?tag=pckombo04b-20&linkCode=osi&th=1&psc=1
Viewsonic XG2702,$324.96 USD,ViewSonic,XG2702,0766907925111,,1920 x 1080,144 Hz,"27""",TN,1,0,0,0,0,True,False,True,FreeSync,https://www.amazon.ca/dp/B00004YK4I?tag=pckombo04b-20&linkCode=osi&th=1&psc=1
Viewsonic XG2703-GS,,ViewSonic,XG2703-GS,0766907845815,,2560 x 1440,165 Hz,"27""",IPS,4,0,0,0,0,True,False,True,,
Viewsonic XG2705,$156.67 USD,ViewSonic,XG2705,0766907005042,,1920 x 1080,144 Hz,"27""",IPS,1,0,0,0,0,True,False,True,FreeSync,https://www.amazon.ca/dp/B084JNYTYV?tag=pckombo04b-20&linkCode=osi&th=1&psc=1
Viewsonic XG270QG,$665.17 USD,ViewSonic,XG270QG,0766907004793,,2560 x 1440,165 Hz,"27""",IPS,1,0,0,0,0,True,False,False,,https://www.amazon.ca/dp/B07VP9GS1Q?tag=pckombo04b-20&linkCode=osi&th=1&psc=1
Viewsonic XG2730,,ViewSonic,XG2730,0766907920413,,2560 x 1440,144 Hz,"27""",TN,1,0,0,0,0,True,False,True,FreeSync,
ViewSonic XG320Q,$599.78 USD,ViewSonic,XG320Q,0766907011296,,2560 x 1440,175 Hz,"32""","IPS, Quantum Dot",1,0,0,0,0,True,False,True,,https://www.amazon.ca/dp/B094RJ5ZT2?tag=pckombo04b-20&linkCode=osi&th=1&psc=1
ViewSonic XG320U,$834.52 USD,ViewSonic,XG320U,0766907011302,,3840 × 2160,144 Hz,"32""","IPS, Quantum Dot",1,0,0,0,0,True,False,True,,https://www.amazon.ca/dp/B094RHCTG7?tag=pckombo04b-20&linkCode=osi&th=1&psc=1
Viewsonic XG3220,$457.38 USD,ViewSonic,XG3220,0766907927610,,3840 × 2160,60 Hz,"32""",VA,5,0,0,0,0,False,False,True,,https://www.amazon.ca/dp/B079S2X4ZS?tag=pckombo04b-20&linkCode=osi&th=1&psc=1
Viewsonic XG3240C,,ViewSonic,XG3240C,0766907936018,,2560 x 1440,144 Hz,"32""",VA,3,0,0,0,0,False,True,True,FreeSync,
Viewsonic XG341C-2K,$1458.0 USD,ViewSonic,XG341C-2K,0766907016239,,3440 x 1440,200 Hz,"34""",VA,1,0,0,0,0,True,False,True,,https://www.amazon.ca/dp/B09PZBV2XJ?tag=pckombo04b-20&linkCode=osi&th=1&psc=1
ZOWIE RL2455,$129.51 USD,ZOWIE,9H.LF4LB.DBE,4718755065736,,1920 x 1080,60 Hz,"24""",TN,1,1,0,1,1,False,False,False,,https://www.amazon.ca/dp/B01H5KKRLO?tag=pckombo04b-20&linkCode=osi&th=1&psc=1
ZOWIE RL2460,,ZOWIE,9H.LF3LB.QBE,4718755065729,,1920 x 1080,60 Hz,"24""",TN,1,1,0,1,1,False,False,True,,
ZOWIE RL2755,,ZOWIE,9H.LF2LB.QBE,4718755065712,,1920 x 1080,60 Hz,"27""",TN,1,1,0,1,1,False,False,False,,
ZOWIE XL2411,$166.82 USD,ZOWIE,9H.LELLB.RBE,4718755065477,,1920 x 1080,144 Hz,"24""",TN,1,1,0,1,0,False,False,True,,https://www.amazon.ca/dp/B01H5KKQTM?tag=pckombo04b-20&linkCode=osi&th=1&psc=1
ZOWIE XL2430,$266.21 USD,ZOWIE,9H.LF1LB.QBE,4718755064807,,1920 x 1080,60 Hz,"24""",TN,1,1,1,1,0,False,False,True,,https://www.amazon.ca/BenQ-S-Switch-Tournaments-Professional-XL2430/dp/B01H5KKW0A?SubscriptionId=AKIAI7B523DQIKTQ3BRQ&tag=pckombo04b-20&linkCode=xm2&camp=2025&creative=165953&creativeASIN=B01H5KKW0A
ZOWIE XL2730,,ZOWIE,9H.LEVLB.QBE,4718755065453,,2560 x 1440,144 Hz,"27""",TN,1,1,1,1,0,False,False,True,FreeSync,
