Rank,University_Name,National/Regional Rank,Alumni,Award,Hici,N&S,PUB,PCP
1,Harvard University,1,100.0,97.1,100.0,100.0,100.0,85.7
2,Stanford University,2,45.3,88.1,73.1,83.9,73.1,59.6
3,Massachusetts Institute of Technology (MIT),3,71.9,82.8,55.2,70.8,59.1,73.6
4,University of Cambridge,1,78.2,90.8,45.1,59.8,67.2,60.6
5,"University of California, Berkeley",4,65.3,76.5,46.9,62.8,57.1,55.5
6,University of Oxford,2,49.5,59.7,51.3,57.2,77.1,47.9
7,Princeton University,5,61.2,100.0,26.0,51.3,42.3,75.3
8,California Institute of Technology,6-7,55.7,63.4,29.8,57.9,41.0,100.0
8,Columbia University,6-7,59.4,63.2,42.7,51.9,67.0,31.6
10,University of Chicago,8,59.0,84.5,32.5,44.9,53.0,44.2
11,Yale University,9,50.3,49.6,45.1,54.3,65.2,38.6
12,Paris-Saclay University,1,36.9,73.8,33.8,33.9,65.7,47.1
12,Cornell University,10,42.2,44.2,41.7,55.8,63.9,45.0
14,University of Pennsylvania,11,32.0,39.6,51.7,44.5,68.5,42.6
15,"University of California, Los Angeles",12,29.8,45.0,44.6,51.0,67.2,29.1
16,University College London,3,27.0,31.5,48.7,41.7,78.5,34.1
17,Johns Hopkins University,13,34.0,34.6,45.6,38.7,74.6,29.3
18,University of Washington,14-15,22.6,33.2,43.7,52.3,71.4,25.9
18,"University of California, San Diego",14-15,18.0,32.4,54.5,51.7,60.8,32.7
20,"University of California, San Francisco",16,0.0,41.9,49.6,55.6,60.1,31.1
21,ETH Zurich,1,26.5,42.2,30.5,53.3,54.6,48.8
22,Tsinghua University,1,9.0,0.0,57.5,47.1,86.2,34.0
23,Washington University in St. Louis,17,20.8,27.4,47.8,39.1,53.2,36.7
24,Peking University,2,10.4,0.0,41.2,44.0,89.2,32.2
25,Imperial College London,4,12.7,31.3,37.4,36.2,63.7,39.2
26,University of Toronto,1,16.4,13.0,39.1,36.6,82.0,30.3
27,Zhejiang University,3,0.0,0.0,41.2,37.0,99.5,27.0
28,The University of Tokyo,1,36.3,23.5,21.6,45.3,68.6,24.0
29,Rockefeller University,18,15.6,57.6,26.8,41.7,16.0,74.4
30,University of Michigan-Ann Arbor,19,37.1,9.8,33.2,39.1,74.0,23.3
31,New York University,20,26.5,35.1,29.8,40.1,56.5,19.9
32,University of Copenhagen,1,18.7,20.6,30.5,36.3,66.4,36.1
33,PSL University,2,50.3,45.1,9.2,23.7,52.6,50.0
33,Northwestern University,21,12.7,25.8,38.5,38.3,57.6,28.9
35,University of North Carolina at Chapel Hill,22,7.3,21.9,41.7,34.1,59.8,32.2
36,University of Wisconsin - Madison,23,28.0,31.3,27.6,31.7,59.9,24.0
37,The University of Melbourne,1,14.7,11.3,42.2,24.6,72.0,32.2
38,Shanghai Jiao Tong University,4,0.0,0.0,32.5,28.3,95.7,27.4
39,Duke University,24,19.4,17.8,33.2,37.7,60.1,22.1
40,The University of Edinburgh,5,25.4,22.6,35.7,28.9,55.2,27.3
41,Sorbonne University,3,38.6,23.4,20.6,29.2,61.4,27.4
42,University of Science and Technology of China,5,0.0,0.0,41.2,34.2,76.1,31.3
43,Karolinska Institute,1,22.6,23.8,22.5,25.1,56.0,53.2
43,University of Munich,1,24.9,19.2,25.2,32.0,55.2,42.7
45,The University of Texas at Austin,25,23.2,21.6,32.5,29.0,55.6,28.6
45,Kyoto University,2,33.6,38.8,17.2,25.7,55.2,21.7
47,"University of Minnesota, Twin Cities",26,26.0,15.0,36.2,26.9,60.5,22.7
47,Technical University of Munich,2,34.0,17.2,22.5,26.9,55.3,47.9
47,University of British Columbia,2,13.7,17.2,31.9,29.6,65.5,24.1
50,Heidelberg University,3,18.0,21.1,20.6,32.5,53.6,50.3
50,Fudan University,6,0.0,0.0,36.8,31.1,80.5,27.4
52,The University of Manchester,6,14.7,29.1,22.5,30.5,57.3,28.6
53,King's College London,7,23.2,16.8,41.2,18.5,57.5,29.4
54,The University of Texas Southwestern Medical Center at Dallas,27,17.2,31.4,31.2,34.4,39.9,27.4
55,Utrecht University,1,20.8,17.2,35.1,24.2,57.3,27.6
55,University of Illinois at Urbana-Champaign,28,25.4,33.0,17.2,29.9,51.9,26.1
55,Swiss Federal Institute of Technology Lausanne,2,0.0,29.1,25.2,38.2,39.8,50.7
58,University of Geneva,3,37.4,37.3,13.0,25.7,43.2,37.9
58,"University of Maryland, College Park",29,17.2,18.4,29.8,35.6,48.5,31.5
60,Université Paris Cité,4,13.9,10.1,34.4,27.9,59.5,25.0
61,University of Bonn,4,30.3,33.0,18.4,20.7,41.8,42.6
62,University of Southern California,30,0.0,29.1,31.2,23.6,53.3,25.0
63,The University of Queensland,2,11.6,0.0,39.1,24.1,63.6,34.1
64,"University of California, Santa Barbara",31,13.7,36.0,18.4,35.2,34.5,35.8
65,University of Colorado at Boulder,32,11.6,31.4,19.5,32.2,43.8,31.9
66,Vanderbilt University,33,13.7,26.1,26.0,21.0,51.3,33.5
67,University of Zurich,4,0.0,20.6,23.5,30.7,54.5,35.8
68,National University of Singapore,1,0.0,0.0,40.7,24.9,63.1,33.5
69,University of Groningen,2,12.7,22.6,26.0,21.3,54.4,28.3
69,The University of Hong Kong,1,0.0,0.0,48.7,24.2,56.5,29.9
69,Weizmann Institute of Science,1,16.4,15.0,32.5,39.7,26.3,45.3
72,University of Oslo,1,24.9,29.1,18.4,15.0,54.4,29.2
72,Sun Yat-sen University,7,0.0,0.0,27.6,17.8,85.9,25.0
74,University of Sydney,3,12.7,0.0,34.4,21.4,66.4,29.7
74,McGill University,3,29.4,0.0,26.0,30.4,58.7,27.3
76,"University of California, Irvine",34,14.7,26.9,25.2,25.0,46.4,24.6
77,The University of New South Wales,4,0.0,0.0,38.0,25.2,63.3,31.3
78,KU Leuven,1,0.0,0.0,32.5,28.2,59.8,32.9
79,Huazhong University of Science and Technology,8,0.0,0.0,26.8,18.7,79.1,23.0
80,Aarhus University,2,10.4,20.3,15.9,24.4,55.7,28.2
81,The Hebrew University of Jerusalem,2,29.8,26.1,13.0,22.7,43.2,30.7
82,The Ohio State University - Columbus,35,10.4,16.8,20.6,21.0,62.7,17.0
82,Nanjing University,9,0.0,0.0,26.8,27.6,66.8,26.6
82,Monash University,5,0.0,0.0,26.0,25.5,67.9,30.8
85,Technion-Israel Institute of Technology,3,22.0,34.9,13.0,20.7,34.9,39.6
86,Seoul National University,1,15.6,0.0,19.5,24.4,68.4,26.0
86,The University of Texas M. D. Anderson Cancer Center,36,0.0,13.8,35.1,20.4,36.9,53.7
88,Uppsala University,2,20.1,20.6,14.6,24.0,49.9,27.1
89,Wuhan University,10,0.0,0.0,29.1,20.5,72.5,20.3
90,King Saud University,1,0.0,0.0,40.1,6.1,73.0,24.9
90,Ghent University,2,0.0,9.2,32.5,17.8,55.5,33.3
90,Nanyang Technological University,2,0.0,0.0,42.2,20.4,53.9,30.3
90,University of Pittsburgh,37,16.4,0.0,31.2,25.2,58.0,18.1
94,Central South University,11,0.0,0.0,27.6,9.3,81.6,24.5
95,Xi'an Jiaotong University,12,0.0,0.0,25.2,16.8,77.4,22.0
95,University of Basel,5,21.4,14.1,15.9,29.7,40.1,39.2
97,University of Bristol,8,5.2,13.0,28.4,26.3,46.0,27.4
98,Sichuan University,13,0.0,0.0,21.6,15.4,81.0,22.6
99,University of Helsinki,1,15.6,16.0,18.4,21.7,51.8,26.4
100,Purdue University - West Lafayette,38,11.6,20.9,20.6,19.8,49.3,23.2
101-150,Jilin University,14-22,0.0,0.0,23.5,14.0,65.9,17.0
101-150,Beijing Institute of Technology,14-22,0.0,0.0,36.2,12.7,59.3,22.4
101-150,Southern University of Science and Technology,14-22,0.0,0.0,26.8,23.1,49.2,35.9
101-150,Mayo Clinic College of Medicine and Science,39-50,0.0,0.0,39.6,16.0,48.5,27.4
101-150,Southeast University,14-22,0.0,0.0,23.5,9.6,71.6,21.7
101-150,South China University of Technology,14-22,0.0,0.0,28.4,10.8,61.7,21.9
101-150,Shandong University,14-22,0.0,0.0,21.6,14.3,74.6,18.8
101-150,Tianjin University,14-22,0.0,0.0,32.5,11.1,67.4,22.0
101-150,Northwestern Polytechnical University,14-22,0.0,0.0,34.4,12.1,58.5,21.9
101-150,Harbin Institute of Technology,14-22,0.0,0.0,22.5,16.1,74.1,23.9
101-150,The Chinese University of Hong Kong,2-3,0.0,13.0,19.5,10.6,56.7,25.3
101-150,Boston University,39-50,17.2,10.6,19.5,21.1,51.4,22.0
101-150,The University of Glasgow,9-12,14.7,0.0,25.2,21.4,45.2,24.6
101-150,City University of Hong Kong,2-3,0.0,0.0,36.2,17.7,50.1,31.0
101-150,McMaster University,4-5,18.0,17.2,27.6,12.4,45.1,30.7
101-150,University of Alberta,4-5,10.4,16.0,18.4,16.8,54.9,26.5
101-150,Brown University,39-50,23.8,18.2,11.3,19.8,44.8,33.3
101-150,Nagoya University,3,27.0,23.5,13.0,18.1,43.7,19.8
101-150,Université libre de Bruxelles (ULB),3,18.0,24.4,14.6,17.8,33.6,35.3
101-150,University of Warwick,9-12,12.7,27.6,14.6,19.4,41.0,27.3
101-150,University of Liverpool,9-12,14.7,9.2,18.4,20.2,46.6,26.3
101-150,Moscow State University,1,37.8,29.1,0.0,11.8,49.5,27.3
101-150,University of Nottingham,9-12,18.7,18.4,17.2,14.8,45.2,23.5
101-150,Radboud University Nijmegen,3-6,15.6,0.0,26.0,20.7,48.5,29.2
101-150,Carnegie Mellon University,39-50,28.9,27.6,9.2,22.6,31.5,27.8
101-150,University of Freiburg,5,20.8,14.6,19.5,23.4,38.8,41.8
101-150,Pennsylvania State University - University Park,39-50,9.0,0.0,22.5,32.6,47.9,16.4
101-150,Icahn School of Medicine at Mount Sinai,39-50,0.0,0.0,41.2,27.6,42.5,18.6
101-150,"University of California, Davis",39-50,12.7,0.0,23.5,26.0,54.1,21.6
101-150,Leiden University,3-6,14.7,0.0,29.8,21.6,52.0,27.0
101-150,University of Florida,39-50,15.6,0.0,19.5,20.0,62.9,23.1
101-150,Rice University,39-50,18.7,19.9,21.6,24.1,28.7,33.1
101-150,"Rutgers, The State University of New Jersey - New Brunswick",39-50,7.3,16.0,22.5,19.3,43.1,15.9
101-150,University of Bern,6-7,11.6,0.0,18.4,24.8,47.0,34.4
101-150,The University of Western Australia,6-7,19.4,13.0,24.4,14.3,46.4,33.6
101-150,Sapienza University of Rome,1,14.7,22.6,9.2,14.3,53.1,20.4
101-150,University of Lausanne,6-7,16.4,16.0,15.9,22.4,37.2,24.7
101-150,Emory University,39-50,0.0,0.0,23.5,21.3,53.7,27.5
101-150,University of Utah,39-50,0.0,10.6,14.6,23.6,50.7,21.7
101-150,University of Gothenburg,3-5,0.0,14.1,23.5,16.6,44.7,23.1
101-150,The Australian National University,6-7,12.7,17.4,19.5,24.2,43.5,29.7
101-150,University of Sao Paulo,1,0.0,0.0,17.2,16.3,70.7,17.7
101-150,Université Grenoble Alpes,5-7,11.6,13.0,15.9,22.2,45.9,20.6
101-150,Lund University,3-5,18.0,16.8,17.2,17.8,51.6,24.9
101-150,University of Vienna,1,16.4,11.9,20.6,23.5,40.0,30.3
101-150,University of Strasbourg,5-7,26.0,30.2,6.5,18.9,35.4,22.8
101-150,Erasmus University Rotterdam,3-6,13.7,13.0,25.2,15.0,51.4,32.5
101-150,Aix Marseille University,5-7,16.4,0.0,18.4,21.3,52.3,20.1
101-150,University of Amsterdam,3-6,0.0,0.0,30.5,20.6,54.1,23.9
101-150,Stockholm University,3-5,20.8,22.6,13.0,23.8,40.5,25.8
151-200,Beihang University,23-33,0.0,0.0,22.5,15.3,57.1,19.1
151-200,Nankai University,23-33,0.0,0.0,27.6,15.8,50.8,19.6
151-200,Hunan University,23-33,0.0,0.0,27.6,9.9,51.9,20.4
151-200,Beijing Normal University,23-33,14.7,0.0,15.9,14.0,57.9,20.1
151-200,University of Electronic Science and Technology of China,23-33,0.0,0.0,28.4,12.8,55.8,19.6
151-200,Soochow University,23-33,0.0,0.0,29.8,9.5,58.8,18.5
151-200,Delft University of Technology,7-9,10.4,0.0,15.9,24.8,43.2,22.0
151-200,Wageningen University & Research,7-9,0.0,0.0,27.6,16.8,41.0,28.4
151-200,University of Goettingen,6-11,29.4,0.0,13.0,25.2,34.9,35.5
151-200,Tongji University,23-33,0.0,0.0,9.2,11.0,71.0,21.5
151-200,Arizona State University,51-59,0.0,18.4,18.4,18.9,43.3,18.2
151-200,Shenzhen University,23-33,0.0,0.0,21.6,12.4,57.1,19.2
151-200,Xiamen University,23-33,0.0,0.0,20.6,17.5,57.6,19.6
151-200,University of Rochester,51-59,30.7,5.3,9.2,20.8,37.5,16.7
151-200,Vrije Universiteit Amsterdam,7-9,0.0,0.0,23.5,18.0,48.6,24.6
151-200,University of Cologne,6-11,0.0,9.2,14.6,22.1,39.6,32.1
151-200,Norwegian University of Science and Technology - NTNU,2,11.6,19.5,13.0,13.4,45.4,19.9
151-200,Case Western Reserve University,51-59,29.8,9.2,20.6,13.0,38.0,26.9
151-200,University of Montreal,6-8,10.4,0.0,15.9,21.3,52.2,24.9
151-200,University of Mainz,6-11,0.0,6.5,17.2,20.3,36.4,35.4
151-200,Michigan State University,51-59,7.3,0.0,15.9,21.5,50.6,18.9
151-200,University of Tuebingen,6-11,20.8,0.0,15.9,22.1,40.7,35.8
151-200,Chongqing University,23-33,0.0,0.0,22.5,5.0,62.4,19.4
151-200,Goethe University Frankfurt,6-11,31.6,0.0,14.6,19.1,38.8,34.0
151-200,Zhengzhou University,23-33,0.0,0.0,14.6,8.3,68.0,17.8
151-200,The University of Calgary,6-8,0.0,0.0,25.2,15.2,47.7,21.9
151-200,University of Muenster,6-11,18.0,9.2,13.0,20.7,34.3,29.1
151-200,University of Barcelona,1,0.0,0.0,18.4,13.5,51.0,28.1
151-200,Sungkyunkwan University,2,0.0,0.0,18.4,16.1,52.0,24.2
151-200,University of Arizona,51-59,13.7,0.0,13.0,24.7,47.1,21.1
151-200,"University of California, Santa Cruz",51-59,0.0,0.0,29.1,25.8,28.2,32.3
151-200,The Hong Kong Polytechnic University,4,0.0,0.0,23.5,9.8,58.7,22.3
151-200,Cardiff University,13-20,0.0,15.0,13.0,18.8,39.2,22.0
151-200,London School of Hygiene & Tropical Medicine,13-20,5.2,0.0,28.4,14.7,35.1,36.8
151-200,University of Southampton,13-20,0.0,0.0,22.5,19.9,43.9,25.3
151-200,University of Exeter,13-20,0.0,0.0,25.2,22.0,40.5,24.9
151-200,The University of Sheffield,13-20,16.4,11.3,14.6,17.1,43.4,23.5
151-200,London School of Economics and Political Science,13-20,22.0,15.0,11.3,,30.6,29.0
151-200,Tokyo Institute of Technology,4,11.6,27.6,6.5,14.2,34.4,24.3
151-200,University of Milan,2-3,15.6,0.0,18.4,12.6,50.4,22.4
151-200,University of Pisa,2-3,19.4,20.6,6.5,7.9,40.8,23.4
151-200,Indiana University Bloomington,51-59,15.6,18.4,18.4,13.3,37.7,19.7
151-200,University of Waterloo,6-8,0.0,13.8,23.5,9.2,43.0,22.6
151-200,Technical University of Denmark,3,13.7,9.2,21.6,19.1,39.9,21.6
151-200,Georgia Institute of Technology,51-59,11.6,0.0,23.5,20.5,40.3,29.0
151-200,Tufts University,51-59,17.2,14.6,15.9,11.8,33.3,25.1
151-200,The University of Adelaide,8,12.7,0.0,29.8,13.3,42.8,31.9
151-200,University of Montpellier,8,9.0,0.0,13.0,20.6,47.7,23.6
151-200,University of Birmingham,13-20,16.4,6.5,14.6,18.7,48.4,23.4
151-200,University of Leeds,13-20,15.6,0.0,11.3,20.8,45.3,21.0
201-300,University of Wuerzburg,12-22,18.0,0.0,14.6,20.5,34.3,33.7
201-300,Fuzhou University,34-51,0.0,0.0,18.4,6.3,43.0,16.3
201-300,Beijing University of Chemical Technology,34-51,0.0,0.0,23.5,6.5,38.3,19.8
201-300,East China Normal University,34-51,0.0,0.0,14.6,14.1,45.1,16.1
201-300,Capital Medical University,34-51,0.0,0.0,6.5,9.1,58.6,37.6
201-300,Nanchang University,34-51,0.0,0.0,20.6,5.2,46.3,16.6
201-300,China University of Geosciences,34-51,0.0,0.0,20.6,8.7,47.1,18.9
201-300,Nanjing Medical University,34-51,0.0,0.0,11.3,8.9,53.6,26.0
201-300,Jiangsu University,34-51,0.0,0.0,14.6,2.7,51.7,16.3
201-300,Wuhan University of Technology,34-51,0.0,0.0,21.6,8.0,46.8,15.4
201-300,National Taiwan University,1,10.4,0.0,15.9,9.1,50.5,19.6
201-300,China Agricultural University,34-51,0.0,0.0,26.0,10.0,48.4,20.3
201-300,University of Science and Technology Beijing,34-51,0.0,0.0,13.0,7.6,52.9,19.9
201-300,The University of Auckland,1,12.7,0.0,18.4,9.2,41.6,23.4
201-300,Dalian University of Technology,34-51,0.0,0.0,21.6,6.4,58.2,17.0
201-300,Nanjing University of Aeronautics and Astronautics,34-51,0.0,0.0,19.5,3.2,49.8,18.3
201-300,Shanghai University,34-51,0.0,0.0,14.6,7.9,48.7,14.3
201-300,Northeastern University (Shenyang),34-51,0.0,0.0,13.0,6.9,53.2,19.2
201-300,Peking Union Medical College,34-51,0.0,0.0,17.2,8.7,51.1,33.1
201-300,Jinan University,34-51,0.0,0.0,11.3,9.9,50.2,17.5
201-300,University of Hamburg,12-22,13.7,0.0,9.2,20.2,38.6,28.7
201-300,Lanzhou University,34-51,0.0,0.0,11.3,9.2,50.4,18.1
201-300,Korea Advanced Institute of Science and Technology,3-6,0.0,0.0,11.3,22.1,37.3,28.4
201-300,Griffith University,9-15,0.0,0.0,13.0,13.5,39.4,24.0
201-300,Korea University,3-6,0.0,0.0,13.0,11.3,51.4,21.1
201-300,Karlsruhe Institute of Technology (KIT),12-22,0.0,0.0,11.3,7.3,39.8,37.7
201-300,University of Innsbruck,2-3,0.0,6.5,11.3,19.1,27.9,24.7
201-300,Queen's University,9-12,12.7,19.5,11.3,9.0,35.2,24.5
201-300,University of Ottawa,9-12,0.0,0.0,23.5,11.4,46.3,23.4
201-300,University of Manitoba,9-12,10.4,0.0,19.5,7.2,35.2,19.9
201-300,Queensland University of Technology,9-15,0.0,0.0,20.6,7.0,38.4,23.2
201-300,University of Leipzig,12-22,9.0,9.2,13.0,12.3,35.3,31.1
201-300,Heinrich Heine University Duesseldorf,12-22,10.4,0.0,19.5,12.2,31.9,35.9
201-300,Technical University of Berlin,12-22,12.7,0.0,11.3,16.1,31.0,31.9
201-300,Curtin University,9-15,0.0,0.0,15.9,15.4,39.8,29.3
201-300,Deakin University,9-15,0.0,0.0,19.5,7.4,43.4,25.4
201-300,Macquarie University,9-15,0.0,0.0,9.2,17.0,39.1,26.2
201-300,TU Dresden,12-22,0.0,0.0,20.6,13.2,42.7,34.9
201-300,University of Technology Sydney,9-15,0.0,0.0,21.6,9.2,40.4,26.6
201-300,Swinburne University of Technology,9-15,0.0,0.0,20.6,11.6,29.0,30.0
201-300,Catholic University of Louvain,4,9.0,11.9,17.2,10.0,29.5,25.0
201-300,Medical University of Vienna,2-3,7.3,0.0,14.6,17.4,37.1,27.0
201-300,King Abdullah University of Science and Technology,2-3,0.0,0.0,29.8,15.5,31.7,19.6
201-300,King Abdulaziz University,2-3,0.0,0.0,22.5,4.5,50.2,15.1
201-300,Ulsan National Institute of Science and Technology,3-6,0.0,0.0,19.5,17.7,23.8,32.6
201-300,Yonsei University,3-6,0.0,0.0,13.0,12.9,57.6,21.5
201-300,Kiel University,12-22,7.3,9.2,15.9,11.5,30.0,28.3
201-300,Trinity College Dublin,1,12.7,11.3,18.4,12.8,34.3,18.4
201-300,University of Buenos Aires,1,11.6,20.6,6.5,6.1,32.0,17.0
201-300,National Autonomous University of Mexico,1,11.6,0.0,0.0,12.5,51.8,22.9
201-300,University of Turin,4-8,12.7,0.0,15.9,10.0,45.4,20.4
201-300,Tohoku University,5-9,13.7,0.0,13.0,16.1,48.7,15.7
201-300,University of Delaware,60-78,9.0,15.0,13.0,10.3,31.1,18.8
201-300,University of Lisbon,1-2,0.0,6.5,9.2,12.7,51.1,18.6
201-300,University of Massachusetts Amherst,60-78,12.7,0.0,22.5,18.7,35.1,23.3
201-300,Northeastern University (Boston),60-78,0.0,0.0,17.2,17.1,32.3,18.2
201-300,George Mason University,60-78,0.0,29.1,6.5,12.3,30.6,19.6
201-300,"University of California, Riverside",60-78,11.6,0.0,15.9,21.0,32.2,24.0
201-300,University of Virginia,60-78,0.0,0.0,14.6,22.0,44.1,17.5
201-300,Virginia Commonwealth University,60-78,9.0,13.0,11.3,6.2,34.7,14.3
201-300,University of Sussex,21-25,0.0,20.3,13.0,11.9,29.4,23.5
201-300,Virginia Polytechnic Institute and State University,60-78,10.4,0.0,14.6,15.7,41.0,18.0
201-300,Texas A&M University,60-78,0.0,0.0,13.0,21.1,50.6,18.9
201-300,Colorado State University,60-78,0.0,0.0,14.6,16.4,35.6,19.5
201-300,North Carolina State University - Raleigh,60-78,0.0,0.0,17.2,12.8,40.3,18.5
201-300,Baylor College of Medicine,60-78,0.0,0.0,19.5,22.6,41.8,15.8
201-300,University of Tennessee - Knoxville,60-78,9.0,0.0,13.0,12.6,39.2,19.8
201-300,University of Missouri - Columbia,60-78,7.3,13.8,14.6,8.0,36.2,16.7
201-300,University of Massachusetts Chan Medical School,60-78,0.0,18.4,14.6,20.2,22.6,18.9
201-300,Claude Bernard University Lyon 1,9-11,9.0,0.0,11.3,21.6,39.9,20.7
201-300,Tel Aviv University,4,0.0,0.0,9.2,19.5,50.4,27.6
201-300,University of East Anglia,21-25,22.0,0.0,15.9,12.5,28.3,24.6
201-300,University of Houston,60-78,0.0,0.0,14.6,13.6,38.4,22.3
201-300,University of Naples Federico II,4-8,0.0,0.0,14.6,10.8,50.1,19.5
201-300,University of Valencia,2,0.0,0.0,13.0,10.3,45.7,18.6
201-300,Polytechnic University of Milan,4-8,5.2,13.0,6.5,9.9,39.0,20.6
201-300,University of Padua,4-8,0.0,0.0,13.0,15.8,54.4,22.4
201-300,Newcastle University,21-25,0.0,0.0,11.3,17.4,40.7,20.6
201-300,University of Cape Town,1,16.4,0.0,11.3,13.8,37.5,18.3
201-300,University of Bordeaux,9-11,12.7,0.0,9.2,19.9,38.1,19.1
201-300,University of Erlangen-Nuremberg,12-22,0.0,0.0,13.0,17.7,39.5,29.9
201-300,Ruhr University Bochum,12-22,0.0,0.0,13.0,12.3,36.5,30.2
201-300,RWTH Aachen University,12-22,0.0,0.0,9.2,18.5,44.8,35.9
201-300,Western University,9-12,0.0,0.0,17.2,5.0,44.2,21.4
201-300,University of Aberdeen,21-25,0.0,11.3,20.6,8.0,28.4,24.0
201-300,University of Lorraine,9-11,10.4,13.0,11.3,11.3,35.1,14.6
201-300,The Hong Kong University of Science and Technology,5,0.0,0.0,17.2,9.8,39.3,21.2
201-300,Queen Mary University of London,21-25,15.6,0.0,15.9,17.3,40.7,23.8
201-300,Oregon Health and Science University,60-78,0.0,0.0,15.9,17.7,34.0,18.9
201-300,University of Bergen,3,13.7,0.0,6.5,16.0,37.3,21.5
201-300,Maastricht University,10,0.0,0.0,13.0,7.6,44.3,26.3
201-300,Osaka University,5-9,17.2,0.0,6.5,18.9,49.4,15.6
201-300,KTH Royal Institute of Technology,6,0.0,13.0,9.2,12.8,36.8,27.6
201-300,Hokkaido University,5-9,10.4,15.0,6.5,16.1,42.3,16.6
201-300,Kyushu University,5-9,0.0,0.0,9.2,16.5,42.4,15.5
201-300,University of Porto,1-2,0.0,0.0,13.0,11.6,47.5,21.9
201-300,University of Colorado at Denver,60-78,0.0,0.0,14.6,21.4,48.1,16.1
201-300,University of Bologna,4-8,0.0,0.0,11.3,10.5,54.5,19.3
201-300,University of Tsukuba,5-9,0.0,17.6,0.0,14.6,37.6,16.9
201-300,Oregon State University,60-78,7.3,0.0,13.0,20.5,33.0,23.2
301-400,Toulouse Capitole University,12-16,0.0,27.6,0.0,,11.8,32.3
301-400,Vienna University of Technology,4,14.7,0.0,9.2,16.9,27.0,28.1
301-400,Complutense University of Madrid,3-8,16.4,0.0,0.0,9.2,46.5,16.9
301-400,Albert Einstein College of Medicine,79-98,0.0,0.0,9.2,15.1,28.1,31.5
301-400,Princess Nourah bint Abdulrahman University,4,0.0,0.0,14.6,2.0,44.6,19.9
301-400,Simon Fraser University,13-16,0.0,0.0,9.2,14.6,32.1,18.2
301-400,University of Connecticut,79-98,10.4,0.0,13.0,14.8,34.8,14.9
301-400,Paul Sabatier University (Toulouse 3),12-16,0.0,0.0,14.6,17.4,34.5,18.0
301-400,University of the Basque Country,3-8,0.0,0.0,6.5,13.5,38.6,20.7
301-400,University of Granada,3-8,0.0,0.0,15.9,6.6,43.4,16.4
301-400,University of Lille,12-16,0.0,0.0,9.2,10.5,39.2,14.5
301-400,Autonomous University of Madrid,3-8,0.0,0.0,6.5,10.5,39.2,21.2
301-400,Laval University,13-16,0.0,0.0,13.0,7.2,39.1,18.0
301-400,University of Victoria,13-16,0.0,0.0,14.6,10.2,30.5,19.3
301-400,Institut Polytechnique de Paris,12-16,20.1,15.4,0.0,7.3,27.2,26.9
301-400,Ecole Normale Superieure - Lyon,12-16,20.1,18.4,0.0,7.4,22.1,31.2
301-400,Autonomous University of Barcelona,3-8,0.0,0.0,0.0,11.1,44.9,26.9
301-400,University of Southern Denmark,4,0.0,0.0,9.2,10.8,41.2,18.5
301-400,National and Kapodistrian University of Athens,1,0.0,0.0,14.6,7.6,39.5,18.1
301-400,University of Florence,9-12,0.0,0.0,11.3,11.5,41.5,20.8
301-400,Pohang University of Science and Technology,7-8,0.0,0.0,9.2,14.3,29.0,31.9
301-400,Dalhousie University,13-16,11.6,0.0,11.3,9.0,34.6,20.3
301-400,University of Trento,9-12,0.0,0.0,17.2,9.1,31.6,25.1
301-400,La Trobe University,16-21,0.0,0.0,9.2,11.3,34.9,26.7
301-400,University of St Andrews,26-31,9.0,0.0,11.3,16.7,25.6,22.0
301-400,University of Genoa,9-12,0.0,0.0,15.9,4.9,36.7,21.5
301-400,The University of Texas Health Science Center at Houston,79-98,0.0,14.1,9.2,12.4,32.3,14.6
301-400,Western Sydney University,16-21,0.0,0.0,17.2,9.0,32.0,23.2
301-400,Brandeis University,79-98,22.6,11.3,0.0,14.4,17.6,26.8
301-400,The George Washington University,79-98,10.4,0.0,6.5,14.6,36.7,20.0
301-400,University of Illinois at Chicago,79-98,0.0,0.0,11.3,11.1,41.7,16.6
301-400,University of Cincinnati,79-98,0.0,0.0,9.2,13.7,41.8,15.9
301-400,Indiana University-Purdue University at Indianapolis,79-98,0.0,0.0,15.9,9.0,39.7,13.5
301-400,University of Nebraska - Lincoln,79-98,14.7,0.0,11.3,12.4,31.7,17.8
301-400,Ben-Gurion University of the Negev,5,0.0,0.0,9.2,10.9,34.6,21.5
301-400,Swedish University of Agricultural Sciences,7-8,0.0,0.0,13.0,9.0,29.1,29.0
301-400,Florida State University,79-98,0.0,0.0,11.3,15.7,36.3,19.3
301-400,University of Tasmania,16-21,0.0,0.0,15.9,13.1,31.0,25.0
301-400,University of Miami,79-98,0.0,0.0,6.5,12.8,41.2,20.8
301-400,James Cook University,16-21,0.0,0.0,14.6,13.8,24.8,26.0
301-400,University of Wollongong,16-21,0.0,0.0,14.6,13.4,33.6,26.5
301-400,Cairo University,1,17.2,0.0,0.0,4.0,43.2,19.1
301-400,University of York,26-31,0.0,0.0,9.2,16.0,34.7,21.6
301-400,Lancaster University,26-31,0.0,0.0,13.0,12.9,31.3,20.4
301-400,University of Leicester,26-31,0.0,0.0,11.3,12.3,33.2,23.5
301-400,Queen's University Belfast,26-31,16.4,0.0,11.3,9.9,32.8,20.3
301-400,Durham University,26-31,0.0,0.0,13.0,12.7,36.0,19.9
301-400,RMIT University,16-21,0.0,0.0,14.6,8.0,38.1,22.9
301-400,University of Macau,1,0.0,0.0,17.2,2.5,39.6,28.9
301-400,Hanyang University,7-8,0.0,0.0,15.9,6.6,42.1,18.9
301-400,University of Milano-Bicocca,9-12,0.0,0.0,11.3,9.1,37.5,23.7
301-400,Anhui University,52-74,0.0,0.0,14.6,6.4,37.5,13.7
301-400,University of Shanghai for Science and Technology,52-74,0.0,0.0,15.9,4.0,37.0,15.6
301-400,Nanjing Agricultural University,52-74,0.0,0.0,15.9,8.6,40.8,16.9
301-400,University of the Witwatersrand,2,16.4,0.0,6.5,13.2,37.1,17.6
301-400,University of Marburg,23-29,7.3,0.0,11.3,13.5,27.7,30.0
301-400,University of Duisburg-Essen,23-29,0.0,0.0,11.3,10.9,33.3,27.0
301-400,University of Stuttgart,23-29,17.2,0.0,9.2,11.7,26.5,31.0
301-400,Vrije Universiteit Brussel (VUB),5-7,17.2,0.0,9.2,8.9,32.7,29.0
301-400,University of Antwerp,5-7,0.0,0.0,11.3,11.3,37.6,30.0
301-400,Pompeu Fabra University,3-8,0.0,0.0,11.3,15.9,27.8,32.2
301-400,University of Potsdam,23-29,0.0,0.0,11.3,14.3,30.6,33.7
301-400,East China University of Science and Technology,52-74,0.0,0.0,15.9,7.4,42.1,17.2
301-400,Northwest A&F University,52-74,0.0,0.0,14.6,7.7,41.8,14.6
301-400,Nanjing University of Science and Technology,52-74,0.0,0.0,13.0,4.0,46.9,16.3
301-400,Jiangnan University,52-74,0.0,0.0,11.3,5.2,47.4,17.2
301-400,Keio University,10,0.0,0.0,13.0,17.0,35.0,17.4
301-400,Yangzhou University,52-74,0.0,0.0,11.3,4.5,46.8,14.8
301-400,China University of Geosciences Beijing,52-74,0.0,0.0,13.0,5.9,36.4,19.5
301-400,China University of Petroleum (East China),52-74,0.0,0.0,14.6,2.0,40.8,16.8
301-400,University College Dublin,2-3,0.0,0.0,9.2,10.7,38.5,17.4
301-400,Qingdao University,52-74,0.0,0.0,14.6,3.6,48.1,16.1
301-400,Renmin University of China,52-74,0.0,0.0,9.2,,36.6,15.9
301-400,University of Liege,5-7,5.2,0.0,9.2,13.0,31.2,25.6
301-400,University of Regensburg,23-29,0.0,0.0,9.2,17.3,24.6,27.2
301-400,Guangdong University of Technology,52-74,0.0,0.0,19.5,1.4,44.2,15.7
301-400,University of Jena,23-29,0.0,0.0,9.2,11.9,30.7,27.7
301-400,University of Ulm,23-29,0.0,0.0,15.9,9.9,29.1,32.8
301-400,Charles University in Prague,1,0.0,0.0,6.5,11.3,45.9,20.4
301-400,"University of Maryland, Baltimore",79-98,0.0,0.0,13.0,13.1,37.1,16.3
301-400,Dartmouth College,79-98,19.4,0.0,9.2,14.3,28.2,23.2
301-400,University of Hawaii at Manoa,79-98,0.0,0.0,13.0,14.7,33.0,20.5
301-400,Stony Brook University,79-98,0.0,0.0,9.2,13.8,34.9,15.5
301-400,University of Kansas,79-98,16.4,0.0,9.2,9.4,38.0,14.2
301-400,University of Notre Dame,79-98,11.6,0.0,13.0,12.1,29.9,19.4
301-400,University of South Florida,79-98,0.0,0.0,9.2,12.0,38.6,17.5
301-400,Linkoping University,7-8,0.0,0.0,13.0,10.7,34.5,19.7
301-400,University of Iowa,79-98,0.0,0.0,13.0,13.4,41.4,15.7
301-400,University of Kentucky,79-98,9.0,0.0,6.5,7.5,39.2,17.7
301-400,Zhejiang University of Technology,52-74,0.0,0.0,14.6,7.4,43.3,15.5
301-400,University College Cork,2-3,0.0,0.0,25.2,10.2,25.8,15.9
301-400,ShanghaiTech University,52-74,0.0,0.0,6.5,21.3,27.6,26.4
301-400,Beijing University of Technology,52-74,0.0,0.0,9.2,7.8,46.7,16.8
301-400,Huazhong Agricultural University,52-74,0.0,0.0,18.4,10.1,39.0,16.1
301-400,Nanjing University of Information Science & Technology,52-74,0.0,0.0,14.6,7.4,42.0,15.1
301-400,Southern Medical University,52-74,0.0,0.0,9.2,3.2,49.0,23.8
301-400,Ocean University of China,52-74,0.0,0.0,13.0,9.2,44.7,16.8
301-400,NanJing Tech University,52-74,0.0,0.0,14.6,11.5,41.5,14.9
301-400,Northwest University,52-74,0.0,0.0,9.2,12.0,36.6,14.7
301-400,Guangxi University,52-74,0.0,0.0,9.2,6.9,45.7,16.8
401-500,University of Pavia,13-18,0.0,0.0,9.2,6.6,34.5,23.3
401-500,University of Bari,13-18,0.0,0.0,9.2,6.2,35.6,19.6
401-500,University of Vermont,99-114,12.7,0.0,6.5,8.9,26.1,20.8
401-500,Bar-Ilan University,6,0.0,0.0,9.2,8.3,29.6,19.3
401-500,University of Twente,11-12,0.0,0.0,9.2,6.3,31.6,18.3
401-500,University of South Carolina - Columbia,99-114,0.0,0.0,9.2,8.7,35.0,16.2
401-500,University of Central Florida,99-114,0.0,0.0,11.3,12.1,31.9,18.3
401-500,Eindhoven University of Technology,11-12,0.0,0.0,11.3,10.0,31.9,21.9
401-500,Drexel University,99-114,0.0,0.0,11.3,6.4,28.6,20.9
401-500,Chalmers University of Technology,9,0.0,0.0,9.2,11.4,30.3,23.3
401-500,Guangzhou University,75-91,0.0,0.0,11.3,5.0,39.5,14.8
401-500,Kunming University of Science and Technology,75-91,0.0,0.0,6.5,7.9,42.6,13.6
401-500,Hohai University,75-91,0.0,0.0,6.5,0.0,46.5,16.4
401-500,Ningbo University,75-91,0.0,0.0,0.0,2.9,44.9,17.2
401-500,Henan University,75-91,0.0,0.0,11.3,8.7,36.8,11.7
401-500,National University of Defense Technology,75-91,0.0,0.0,6.5,4.5,38.2,16.6
401-500,China University of Mining and Technology,75-91,0.0,0.0,6.5,1.4,45.1,16.7
401-500,Nanjing University of Posts and Telecommunications,75-91,0.0,0.0,14.6,3.0,35.3,13.3
401-500,Xidian University,75-91,0.0,0.0,11.3,1.4,44.0,14.7
401-500,Yunnan University,75-91,0.0,0.0,6.5,11.7,37.6,14.0
401-500,Hainan University,75-91,0.0,0.0,11.3,3.8,40.2,13.9
401-500,South China Agricultural University,75-91,0.0,0.0,11.3,5.5,38.2,13.3
401-500,University of Alabama at Birmingham,99-114,0.0,0.0,0.0,9.2,41.5,14.0
401-500,Sao Paulo State University,2-4,0.0,0.0,6.5,4.5,43.2,18.6
401-500,Okinawa Institute of Science and Technology Graduate University,11,0.0,20.6,9.2,11.8,14.4,12.4
401-500,Hefei University of Technology,75-91,0.0,0.0,9.2,2.0,42.5,14.9
401-500,The University of Georgia,99-114,0.0,0.0,0.0,13.2,42.3,18.1
401-500,Texas Tech University,99-114,0.0,0.0,9.2,7.8,33.2,16.7
401-500,Temple University,99-114,0.0,0.0,13.0,8.9,32.2,12.6
401-500,Aalto University,2-4,0.0,0.0,6.5,12.4,31.7,14.7
401-500,Louisiana State University - Baton Rouge,99-114,0.0,0.0,9.2,9.3,31.9,17.8
401-500,Masaryk University,2,0.0,0.0,6.5,10.3,30.1,22.0
401-500,University of Turku,2-4,0.0,0.0,6.5,12.4,36.1,16.4
401-500,Vita-Salute San Raffaele University,13-18,0.0,0.0,15.9,6.6,22.9,27.2
401-500,Federal University of Rio Grande do Sul,2-4,0.0,0.0,6.5,5.9,37.0,16.1
401-500,Utah State University,99-114,12.7,0.0,6.5,10.7,26.1,16.7
401-500,University of Otago,2-4,0.0,0.0,6.5,12.0,33.1,21.1
401-500,National Yang Ming Chiao Tung University,2-5,0.0,0.0,0.0,6.9,43.0,21.4
401-500,The University of Texas Health Science Center at San Antonio,99-114,0.0,0.0,17.2,8.9,24.1,18.2
401-500,"University at Buffalo, the State University of New York",99-114,0.0,0.0,9.2,10.4,36.3,15.9
401-500,Victoria University of Wellington,2-4,10.4,0.0,11.3,10.1,25.5,21.0
401-500,Washington State University,99-114,0.0,0.0,15.9,9.9,28.2,15.3
401-500,University of Campinas,2-4,0.0,0.0,6.5,7.2,40.7,17.7
401-500,University of Canterbury,2-4,0.0,0.0,13.0,8.8,24.5,22.5
401-500,Catholic University of the Sacred Heart,13-18,0.0,0.0,11.3,1.4,35.9,22.4
401-500,Saint Petersburg State University,2,26.0,0.0,0.0,8.0,32.9,16.3
401-500,University of Catania,13-18,0.0,0.0,13.0,4.3,31.1,18.7
401-500,China Medical University (Taichung),2-5,0.0,0.0,6.5,3.5,38.3,28.4
401-500,Nanjing Forestry University,75-91,0.0,0.0,9.2,1.4,45.1,17.3
401-500,Stellenbosch University,3-4,0.0,0.0,6.5,11.7,32.7,15.0
401-500,Nanjing Normal University,75-91,0.0,0.0,11.3,5.5,38.3,14.1
401-500,University of Tehran,1-2,11.6,0.0,0.0,3.8,42.5,18.4
401-500,University of South Australia,22-24,0.0,0.0,11.3,9.3,28.0,21.5
401-500,Jagiellonian University,1-2,9.0,0.0,0.0,9.5,37.8,11.3
401-500,University of Malaya,1,0.0,0.0,9.2,4.7,37.0,16.3
401-500,The University of Texas Medical Branch at Galveston,99-114,0.0,0.0,13.0,12.7,22.4,18.9
401-500,Aalborg University,5,0.0,0.0,13.0,5.0,37.5,17.0
401-500,Taif University,5-6,0.0,0.0,15.9,1.4,31.7,15.0
401-500,King Khalid University,5-6,0.0,0.0,0.0,1.4,45.8,19.4
401-500,Tehran University of Medical Sciences,1-2,0.0,0.0,9.2,4.3,37.0,16.3
401-500,Flinders University,22-24,14.7,0.0,0.0,7.2,31.3,24.4
401-500,University of Chile,1,5.2,0.0,6.5,9.0,33.3,15.0
401-500,University of Halle-Wittenberg,30-35,0.0,0.0,6.5,13.2,24.3,24.9
401-500,The University of Reading,32-35,0.0,0.0,13.0,11.8,27.7,22.1
401-500,University of Bayreuth,30-35,0.0,0.0,9.2,16.4,22.9,28.1
401-500,Leibniz University Hannover,30-35,0.0,0.0,9.2,7.5,27.6,26.9
401-500,Saarland University,30-35,0.0,0.0,11.3,8.6,25.9,27.6
401-500,Technical University Darmstadt,30-35,12.7,0.0,0.0,10.6,28.2,28.8
401-500,University of Surrey,32-35,0.0,0.0,13.0,5.6,32.2,23.0
401-500,Hannover Medical School,30-35,0.0,0.0,13.0,7.5,28.3,30.4
401-500,University of Kent,32-35,18.7,0.0,11.3,6.9,24.3,20.4
401-500,The University of Dundee,32-35,0.0,0.0,15.9,10.8,21.6,22.7
401-500,University of Warsaw,1-2,18.7,0.0,0.0,11.1,33.7,11.5
401-500,University of Belgrade,1,0.0,0.0,6.5,5.0,43.2,18.6
401-500,Istanbul University,1,17.2,0.0,0.0,5.0,38.7,17.3
401-500,Indian Institute of Science,1,0.0,0.0,0.0,7.2,43.3,18.6
401-500,University of Szeged,1,13.7,17.2,0.0,3.5,23.3,13.0
401-500,Polytechnic University of Valencia,9-10,0.0,0.0,13.0,7.0,32.9,15.5
401-500,CUNY Graduate School and University Center,99-114,0.0,0.0,9.2,11.2,23.4,26.1
401-500,University of Ulsan,9-12,0.0,0.0,11.3,4.5,33.8,17.8
401-500,Pusan National University,9-12,0.0,0.0,6.5,8.3,37.8,17.1
401-500,Kyungpook National University,9-12,0.0,0.0,6.5,7.6,37.5,17.1
401-500,University of Côte d'Azur,17-18,0.0,0.0,6.5,16.4,29.6,18.1
401-500,Kyung Hee University,9-12,0.0,0.0,6.5,5.0,41.4,18.5
401-500,University of Seville,9-10,0.0,0.0,6.5,5.3,38.7,13.7
401-500,Guangzhou Medical University,75-91,0.0,0.0,9.2,4.6,37.1,18.0
401-500,Southwest Jiaotong University,75-91,0.0,0.0,0.0,5.0,48.9,15.5
401-500,University of Saskatchewan,17-18,7.3,0.0,6.5,9.2,31.5,17.8
401-500,University of Zagreb,1,0.0,0.0,6.5,6.5,36.4,15.9
401-500,York University,17-18,0.0,0.0,9.2,8.0,32.7,14.2
401-500,University of Roma - Tor Vergata,13-18,0.0,0.0,0.0,10.7,36.1,20.8
401-500,University of Rennes,17-18,0.0,0.0,6.5,9.4,31.6,18.0
401-500,National Cheng Kung University,2-5,0.0,0.0,9.2,7.0,38.4,18.3
401-500,Macau University of Science and Technology,2,0.0,0.0,13.0,5.7,29.4,23.8
401-500,University of Oregon,99-114,5.2,0.0,6.5,13.9,26.9,18.6
401-500,University of Aveiro,3,0.0,0.0,11.3,3.9,30.4,22.9
401-500,"The University of Newcastle, Australia",22-24,0.0,0.0,13.0,5.2,33.1,25.9
401-500,University of Johannesburg,3-4,0.0,0.0,6.5,7.6,36.2,15.9
401-500,National Tsing Hua University,2-5,11.6,0.0,6.5,6.1,29.8,18.2
401-500,University of Oulu,2-4,10.4,0.0,9.2,6.6,31.7,14.6
501-600,"The Chinese University of Hong Kong, Shenzhen",92-114,0.0,0.0,13.0,6.9,24.0,22.0
501-600,Shaanxi Normal University,92-114,0.0,0.0,11.3,2.0,33.2,12.6
501-600,University of Santiago Compostela,11-16,0.0,0.0,6.5,9.4,31.1,16.6
501-600,University of Giessen,36-39,0.0,0.0,6.5,5.5,28.1,25.5
501-600,University of Zaragoza,11-16,0.0,0.0,6.5,7.2,32.9,15.1
501-600,University of KwaZulu-Natal,5-6,0.0,0.0,0.0,13.1,31.4,14.4
501-600,University of Murcia,11-16,0.0,0.0,9.2,5.7,27.7,14.9
501-600,University of Navarra,11-16,0.0,0.0,13.0,6.8,25.8,21.5
501-600,Eotvos Lorand University,2,10.4,0.0,6.5,8.6,28.4,13.2
501-600,University of Perugia,19-21,0.0,0.0,9.2,6.1,29.4,19.5
501-600,Federal University of Minas Gerais,5-6,0.0,0.0,0.0,8.6,38.0,16.5
501-600,University of Verona,19-21,0.0,0.0,11.3,3.5,27.9,20.5
501-600,Carleton University,19-20,0.0,0.0,6.5,7.3,29.6,16.0
501-600,University of Guelph,19-20,0.0,0.0,6.5,5.0,29.8,17.7
501-600,University of La Laguna,11-16,0.0,0.0,6.5,12.8,25.1,17.7
501-600,University of Nantes,19,0.0,0.0,6.5,8.4,29.9,14.6
501-600,Murdoch University,25,0.0,0.0,13.0,6.7,23.2,26.0
501-600,University of Pretoria,5-6,0.0,0.0,9.2,7.4,32.0,14.4
501-600,Yeungnam University,13-15,0.0,0.0,9.2,1.4,32.9,18.5
501-600,Medical University of Innsbruck,5-6,0.0,0.0,11.3,6.2,22.0,24.2
501-600,Medical University of Graz,5-6,0.0,6.5,6.5,4.5,24.0,24.7
501-600,Federal University of Rio de Janeiro,5-6,0.0,0.0,0.0,7.6,37.8,16.3
501-600,Sejong University,13-15,0.0,0.0,6.5,3.8,31.2,22.4
501-600,Aristotle University of Thessaloniki,2,0.0,0.0,6.5,4.0,36.5,15.8
501-600,Moscow Institute of Physics and Technology,3,20.1,0.0,0.0,6.9,26.5,13.1
501-600,Umea University,10,0.0,0.0,6.5,9.4,31.5,16.6
501-600,University of Parma,19-21,0.0,0.0,11.3,4.7,27.3,18.8
501-600,South China Normal University,92-114,0.0,0.0,6.5,4.6,37.3,12.4
501-600,Lebanese American University,1,0.0,0.0,9.2,0.0,33.1,14.6
501-600,Chongqing Medical University,92-114,0.0,0.0,0.0,2.9,41.8,14.5
501-600,Fujian Medical University,92-114,0.0,0.0,0.0,2.0,40.1,16.3
501-600,Donghua University,92-114,0.0,0.0,11.3,1.4,33.6,16.0
501-600,Vilnius University,1,7.3,0.0,6.5,8.8,25.8,12.1
501-600,University of Coimbra,4-5,0.0,0.0,0.0,8.1,36.9,19.6
501-600,University of Ljubljana,1,0.0,0.0,0.0,5.4,36.4,16.5
501-600,Changzhou University,92-114,0.0,0.0,11.3,2.0,30.8,13.2
501-600,University of Tromso,4,0.0,0.0,6.5,8.7,29.0,16.3
501-600,Central China Normal University,92-114,0.0,0.0,11.3,2.9,32.3,13.1
501-600,Beijing University of Posts and Telecommunications,92-114,0.0,0.0,9.2,0.0,35.6,14.4
501-600,Zhejiang Sci-Tech University,92-114,0.0,0.0,6.5,4.7,33.4,12.9
501-600,Anhui Medical University,92-114,0.0,0.0,0.0,5.5,39.9,20.2
501-600,Xi'an University of Technology,92-114,0.0,0.0,6.5,0.0,37.7,15.3
501-600,Qatar University,1,0.0,0.0,11.3,3.2,30.2,13.7
501-600,University of Fribourg,8,0.0,0.0,14.6,7.4,21.8,20.5
501-600,Hangzhou Dianzi University,92-114,0.0,0.0,9.2,1.4,32.1,14.1
501-600,University of Minho,4-5,0.0,0.0,11.3,3.5,30.2,18.1
501-600,University of Bath,36-39,0.0,0.0,6.5,9.3,30.5,19.9
501-600,Tampere University,5,0.0,0.0,6.5,8.0,33.1,14.7
501-600,Vellore Institute of Technology,2,0.0,0.0,6.5,0.0,38.6,16.6
501-600,Chonnam National University,13-15,0.0,0.0,0.0,8.0,33.9,16.0
501-600,University of Salamanca,11-16,0.0,0.0,6.5,8.6,28.3,16.8
501-600,Rensselaer Polytechnic Institute,115-142,11.6,0.0,9.2,8.8,16.7,21.4
501-600,Medical University of South Carolina,115-142,0.0,0.0,11.3,2.0,28.4,29.0
501-600,Oklahoma State University,115-142,0.0,0.0,9.2,5.7,29.0,15.6
501-600,University of Rostock,36-39,0.0,0.0,6.5,14.1,22.6,26.0
501-600,University of Bremen,36-39,0.0,0.0,0.0,13.9,27.2,28.9
501-600,Swansea University,36-39,0.0,0.0,6.5,7.2,27.5,20.6
501-600,Kansas State University,115-142,0.0,0.0,11.3,5.3,27.0,18.6
501-600,Tulane University,115-142,0.0,0.0,9.2,8.6,29.2,15.0
501-600,Okayama University,12-16,0.0,0.0,9.2,9.9,27.5,13.2
501-600,Shandong University of Science and Technology,92-114,0.0,0.0,6.5,2.5,37.5,13.0
501-600,Nanjing University of Chinese Medicine,92-114,0.0,0.0,6.5,5.9,31.0,15.4
501-600,Baylor University,115-142,0.0,0.0,9.2,7.2,26.0,15.8
501-600,Hebei University of Technology,92-114,0.0,0.0,6.5,1.4,36.1,13.8
501-600,Tokyo Medical and Dental University,12-16,0.0,0.0,6.5,8.3,27.2,16.4
501-600,Kobe University,12-16,13.7,0.0,0.0,10.0,31.1,14.2
501-600,Osaka Metropolitan University,12-16,14.7,0.0,6.5,6.3,27.7,13.1
501-600,Westlake University,92-114,0.0,0.0,9.2,18.8,20.8,12.5
501-600,Wenzhou Medical University,92-114,0.0,0.0,0.0,7.1,40.7,16.1
501-600,Tianjin Medical University,92-114,0.0,0.0,0.0,2.9,36.9,23.4
501-600,Harbin Engineering University,92-114,0.0,0.0,6.5,0.0,38.4,14.6
501-600,Guizhou University,92-114,0.0,0.0,0.0,5.0,43.9,14.0
501-600,Beijing Jiaotong University,92-114,0.0,0.0,6.5,0.0,40.4,14.9
501-600,Boston College,115-142,0.0,0.0,6.5,13.1,24.1,16.5
501-600,Hiroshima University,12-16,0.0,0.0,0.0,9.7,36.1,14.4
501-600,The University of Texas at Dallas,115-142,12.7,0.0,0.0,11.4,26.3,20.9
501-600,Southwest University,92-114,0.0,0.0,0.0,2.5,44.1,12.7
501-600,University of Oklahoma - Norman,115-142,0.0,0.0,13.0,5.7,29.2,16.0
501-600,Mississippi State University,115-142,0.0,0.0,9.2,7.4,25.7,16.3
501-600,University of North Texas,115-142,0.0,0.0,9.2,6.2,28.8,18.1
501-600,The University of New Mexico - Albuquerque,115-142,0.0,0.0,0.0,12.4,32.9,14.3
501-600,Florida International University,115-142,0.0,0.0,6.5,8.9,30.6,17.3
501-600,University of Arkansas at Fayetteville,115-142,0.0,0.0,6.5,7.7,27.5,16.5
501-600,Auburn University,115-142,0.0,0.0,0.0,9.7,32.2,16.1
501-600,Binghamton University,115-142,0.0,16.0,0.0,6.2,19.1,16.8
501-600,Georgia State University,115-142,0.0,0.0,9.2,4.7,28.9,17.3
501-600,University of Maine,115-142,0.0,16.0,0.0,8.2,17.4,19.1
501-600,Iowa State University,115-142,0.0,0.0,0.0,8.6,35.5,15.9
501-600,University of California-Merced,115-142,0.0,0.0,11.3,10.9,19.7,23.9
501-600,San Diego State University,115-142,0.0,0.0,9.2,6.9,26.6,17.0
501-600,Georgetown University,115-142,0.0,0.0,6.5,7.7,32.3,19.3
501-600,West Virginia University,115-142,0.0,0.0,6.5,9.8,30.1,15.1
501-600,The City College of New York,115-142,27.0,0.0,6.5,6.7,16.5,20.3
501-600,Northern Arizona University,115-142,0.0,0.0,15.9,13.3,18.6,14.7
501-600,Wake Forest University,115-142,0.0,0.0,11.3,4.4,29.4,11.3
501-600,Saint Louis University,115-142,0.0,9.2,6.5,6.6,22.3,15.7
501-600,University of Konstanz,36-39,0.0,0.0,0.0,16.7,22.3,26.4
501-600,University of Essex,36-39,18.0,0.0,6.5,5.2,25.2,18.1
501-600,Rush University,115-142,0.0,0.0,14.6,4.7,25.6,15.5
501-600,University of Strathclyde,36-39,0.0,0.0,6.5,6.8,29.3,18.7
601-700,INHA University,16-18,0.0,0.0,6.5,3.8,27.7,15.8
601-700,Polytechnic University of Madrid,17-20,0.0,0.0,0.0,6.2,31.5,14.9
601-700,Qingdao University of Science and Technology,115-137,0.0,0.0,6.5,0.0,32.6,12.3
601-700,China University of Mining & Technology-Beijing,115-137,0.0,0.0,6.5,0.0,31.6,17.9
601-700,Universitat Jaume I,17-20,0.0,0.0,13.0,2.0,21.6,18.3
601-700,Chiba University,17-20,0.0,0.0,0.0,10.3,29.1,14.0
601-700,Waseda University,17-20,0.0,0.0,6.5,6.6,29.2,13.0
601-700,University of Delhi,3-4,0.0,0.0,6.5,2.9,30.4,13.2
601-700,Indian Institute of Technology Delhi,3-4,0.0,0.0,0.0,6.7,33.4,14.5
601-700,"University of Science, Malaysia",2-4,0.0,0.0,0.0,3.2,34.7,14.8
601-700,Australian Catholic University,26-28,0.0,0.0,13.0,2.5,20.3,19.7
601-700,Thomas Jefferson University,143-155,0.0,0.0,0.0,5.5,28.1,27.1
601-700,"University of Maryland, Baltimore County",143-155,0.0,0.0,9.2,10.4,17.0,17.6
601-700,University of Nevada - Reno,143-155,0.0,0.0,6.5,9.4,24.5,17.6
601-700,University of Louisville,143-155,0.0,0.0,6.5,5.4,28.5,14.7
601-700,Chiang Mai University,1-3,0.0,0.0,6.5,3.8,29.0,12.7
601-700,University of New Hampshire,143-155,0.0,0.0,9.2,6.2,21.5,17.0
601-700,University of Nevada-Las Vegas,143-155,0.0,0.0,6.5,10.4,24.2,16.4
601-700,Medical College of Wisconsin,143-155,0.0,0.0,0.0,9.6,29.1,12.4
601-700,University of Southern Queensland,26-28,0.0,0.0,11.3,3.6,22.0,22.4
601-700,Edith Cowan University,26-28,0.0,0.0,6.5,2.0,25.1,24.6
601-700,Wenzhou University,115-137,0.0,0.0,9.2,1.4,29.8,13.3
601-700,Yanshan University,115-137,0.0,0.0,0.0,6.8,33.6,13.0
601-700,Konkuk University,16-18,0.0,0.0,6.5,5.0,27.6,14.7
601-700,"China University of Petroleum, Beijing",115-137,0.0,0.0,0.0,5.0,34.6,17.6
601-700,Polytechnic University of Turin,22-27,0.0,0.0,0.0,5.4,31.4,18.9
601-700,Naval Medical University,115-137,0.0,0.0,6.5,6.6,29.1,13.0
601-700,Semmelweis University,3,0.0,0.0,9.2,7.3,24.0,11.3
601-700,Northeast Normal University,115-137,0.0,0.0,6.5,3.5,29.1,11.6
601-700,Shanxi University,115-137,0.0,0.0,0.0,8.7,31.1,11.5
601-700,Shandong First Medical University,115-137,0.0,0.0,0.0,2.9,36.2,13.0
601-700,Shandong Agricultural University,115-137,0.0,0.0,11.3,6.7,25.4,11.8
601-700,Northeast Agricultural University,115-137,0.0,0.0,9.2,2.0,30.5,13.5
601-700,Qilu University of Technology,115-137,0.0,0.0,6.5,1.4,33.0,11.6
601-700,Zhejiang Chinese Medical University,115-137,0.0,0.0,6.5,3.5,28.7,14.3
601-700,Air Force Medical University,115-137,0.0,0.0,0.0,9.2,29.7,13.2
601-700,University of Alicante,17-20,0.0,0.0,9.2,7.2,25.0,15.1
601-700,Palacký University Olomouc,3,0.0,0.0,6.5,6.6,23.3,21.4
601-700,Tarbiat Modares University,3,0.0,0.0,6.5,3.5,30.1,13.2
601-700,University of the Balearic Islands,17-20,0.0,0.0,9.2,5.1,22.4,19.3
601-700,Fujian Normal University,115-137,0.0,0.0,9.2,4.3,29.1,11.0
601-700,Taiyuan University of Technology,115-137,0.0,0.0,0.0,1.4,37.3,12.3
601-700,North China Electric Power University,115-137,0.0,0.0,0.0,1.4,38.5,14.1
601-700,Hebei University,115-137,0.0,0.0,11.3,2.0,30.5,11.4
601-700,Henan Normal University,115-137,0.0,0.0,6.5,4.6,29.0,10.2
601-700,Fujian Agriculture and Forestry University,115-137,0.0,0.0,0.0,11.4,29.8,12.1
601-700,Ewha Womans University,16-18,0.0,0.0,6.5,5.5,29.4,16.0
601-700,Duke-NUS Medical School,3,0.0,0.0,11.3,12.3,19.8,11.0
601-700,Marche Polytechnic University,22-27,0.0,0.0,11.3,3.0,22.8,20.1
601-700,The University of Texas at San Antonio,143-155,0.0,0.0,6.5,4.5,26.5,14.9
601-700,University of Trieste,22-27,0.0,0.0,0.0,9.3,27.7,21.5
601-700,Prince Sattam Bin Abdulaziz University,7,0.0,0.0,0.0,0.0,40.7,17.2
601-700,Chang Gung University,6-7,0.0,0.0,0.0,2.9,31.6,22.1
601-700,National Sun Yat-Sen University,6-7,0.0,0.0,6.5,3.4,26.6,18.7
601-700,Khalifa University,1,0.0,0.0,11.3,1.4,27.4,12.6
601-700,COMSATS University Islamabad,1,0.0,0.0,0.0,2.9,37.0,15.8
601-700,North-West University,7,10.4,0.0,6.5,5.7,25.6,11.9
601-700,Addis Ababa University,1,16.4,0.0,0.0,6.1,25.3,12.1
601-700,University of Haifa,7,0.0,0.0,0.0,8.5,29.9,20.8
601-700,Università Della Svizzera Italiana,9,0.0,0.0,9.2,12.6,15.5,20.8
601-700,Manchester Metropolitan University,40-42,0.0,0.0,9.2,5.2,23.9,14.2
601-700,"University of Natural Resources and Life Sciences, Vienna",7-8,0.0,0.0,9.2,5.2,22.3,23.3
601-700,Bielefeld University,40-42,0.0,0.0,6.5,4.5,25.8,23.8
601-700,Bangor University,40-42,10.4,0.0,9.2,5.7,17.4,20.6
601-700,University of Luxembourg,1,0.0,0.0,11.3,7.3,24.1,11.7
601-700,Technical University of Braunschweig,40-42,11.6,0.0,0.0,6.3,22.9,23.9
601-700,University of Luebeck,40-42,0.0,0.0,6.5,8.1,19.9,21.3
601-700,University of Galway,4,0.0,0.0,9.2,7.4,26.1,12.1
601-700,Hong Kong Baptist University,6,0.0,0.0,6.5,6.7,25.5,15.6
601-700,University of Tartu,1,0.0,0.0,6.5,9.2,26.6,12.2
601-700,University of Iceland,1,0.0,0.0,6.5,10.7,23.2,11.2
601-700,Ural Federal University,4,0.0,0.0,6.5,2.5,31.8,13.8
601-700,Brescia University,22-27,0.0,0.0,6.5,4.7,26.3,21.2
601-700,Liverpool John Moores University,40-42,0.0,0.0,6.5,8.9,24.1,13.4
601-700,Dalian Maritime University,115-137,0.0,0.0,6.5,1.4,31.2,12.9
601-700,University of Graz,7-8,12.7,0.0,0.0,8.2,21.0,19.6
601-700,Colorado School of Mines,143-155,0.0,0.0,9.2,7.6,18.8,21.1
601-700,Shinshu University,17-20,0.0,0.0,9.2,6.2,23.0,13.1
601-700,Humanitas University,22-27,0.0,0.0,11.3,5.7,19.5,22.0
601-700,Tokyo University of Science,17-20,11.6,0.0,6.5,6.3,22.3,10.8
601-700,Brigham Young University,143-155,7.3,0.0,6.5,5.9,25.2,12.5
601-700,The University of Alabama - Tuscaloosa,143-155,0.0,0.0,0.0,6.8,31.1,15.0
601-700,Pontifical Catholic University of Chile,2,0.0,0.0,0.0,8.6,32.7,14.4
601-700,University of Toledo,143-155,0.0,0.0,9.2,9.5,19.9,18.6
601-700,National Polytechnic Institute,2,0.0,0.0,0.0,4.0,34.7,14.8
601-700,University of Health Sciences Turkey,2,0.0,0.0,0.0,1.4,36.5,15.5
601-700,Mansoura University,2-4,0.0,0.0,0.0,2.5,36.2,15.4
601-700,University Putra Malaysia,2-4,0.0,0.0,6.5,2.5,29.5,12.9
601-700,University of Siena,22-27,0.0,0.0,6.5,6.7,26.1,19.4
601-700,Hunan Normal University,115-137,0.0,0.0,6.5,2.5,33.0,11.9
601-700,Nantong University,115-137,0.0,0.0,0.0,3.8,35.6,12.4
601-700,University of Sherbrooke,21-22,0.0,0.0,0.0,11.5,26.8,13.4
601-700,Chulalongkorn University,1-3,0.0,0.0,0.0,2.9,35.2,15.0
601-700,University of Clermont Auvergne,20,0.0,0.0,6.5,5.5,28.4,14.6
601-700,Mahidol University,1-3,0.0,0.0,0.0,5.7,35.4,15.2
601-700,Concordia University,21-22,0.0,0.0,6.5,5.4,28.7,15.0
601-700,Alexandria University,2-4,11.6,0.0,0.0,3.6,32.2,14.2
601-700,National University of Malaysia,2-4,0.0,0.0,0.0,3.8,33.8,14.4
601-700,Wayne State University,143-155,0.0,0.0,0.0,6.1,32.4,14.4
601-700,Ain Shams University,2-4,0.0,0.0,0.0,5.1,33.5,14.4
701-800,University of Concepcion,3,0.0,0.0,6.5,6.1,24.1,10.9
701-800,University of Hull,43-51,13.7,0.0,0.0,5.7,18.9,19.3
701-800,University of Plymouth,43-51,0.0,0.0,9.2,4.3,21.4,17.5
701-800,The Open University,43-51,0.0,0.0,6.5,9.3,21.0,12.0
701-800,"St George's, University of London",43-51,0.0,0.0,9.2,4.0,18.6,20.0
701-800,Chongqing University of Posts and Telecommunications,138-156,0.0,0.0,9.2,0.0,26.8,12.0
701-800,National Taiwan University of Science and Technology,8-10,0.0,0.0,9.2,1.4,24.5,19.3
701-800,Xi'an University of Science and Technology,138-156,0.0,0.0,6.5,1.4,27.2,11.9
701-800,Iran University of Medical Sciences,4-6,0.0,0.0,6.5,3.5,26.9,11.8
701-800,Beijing Technology and Business University,138-156,0.0,0.0,6.5,2.0,27.9,14.1
701-800,Suzhou University of Science and Technology,138-156,0.0,0.0,6.5,0.0,29.0,11.9
701-800,Hubei University,138-156,0.0,0.0,6.5,3.8,25.9,11.0
701-800,Henan University of Science and Technology,138-156,0.0,0.0,6.5,2.7,29.8,9.8
701-800,University of the Sunshine Coast,29,0.0,0.0,6.5,5.5,20.5,21.1
701-800,Chang'an University,138-156,0.0,0.0,0.0,1.4,36.6,12.7
701-800,University of International Business and Economics,138-156,0.0,0.0,6.5,,21.5,13.4
701-800,Chengdu University of Technology,138-156,0.0,0.0,0.0,5.5,32.7,12.3
701-800,University of Eastern Piedmont,28-31,0.0,0.0,6.5,3.8,20.7,20.6
701-800,Southern Methodist University,156-167,10.4,0.0,6.5,5.3,18.5,16.8
701-800,University of Ferrara,28-31,0.0,0.0,0.0,5.0,27.5,20.6
701-800,Homi Bhabha National Institute,5-7,0.0,0.0,0.0,6.8,30.6,13.3
701-800,Lanzhou University of Technology,138-156,0.0,0.0,6.5,0.0,28.5,11.9
701-800,Asia University,8-10,0.0,0.0,6.5,1.4,23.8,21.7
701-800,Army Medical University,138-156,0.0,0.0,0.0,7.2,28.9,12.6
701-800,Taipei Medical University,8-10,0.0,0.0,0.0,3.2,29.3,18.5
701-800,Tilburg University,13,0.0,0.0,0.0,,25.9,16.9
701-800,Brno University of Technology,4,0.0,0.0,6.5,5.0,21.4,17.0
701-800,Sharif University of Technology,4-6,14.7,0.0,0.0,2.5,26.3,12.0
701-800,Istanbul Technical University,3-5,0.0,0.0,6.5,2.5,28.7,12.5
701-800,Southwestern University of Finance and Economics,138-156,0.0,0.0,0.0,,27.3,13.5
701-800,Shanghai Ocean University,138-156,0.0,0.0,6.5,2.0,26.5,15.7
701-800,Shantou University,138-156,0.0,0.0,0.0,4.7,29.7,14.9
701-800,Zhejiang Normal University,138-156,0.0,0.0,0.0,4.6,33.6,11.9
701-800,Norwegian University of Life Sciences,5,0.0,0.0,6.5,6.2,19.5,17.7
701-800,Beijing Forestry University,138-156,0.0,0.0,0.0,3.5,33.4,15.6
701-800,Umm Al-Qura University,8-10,0.0,0.0,0.0,0.0,34.0,14.4
701-800,Brunel University London,43-51,0.0,0.0,9.2,2.5,24.1,16.7
701-800,Koc University,3-5,0.0,0.0,6.5,5.9,23.7,10.7
701-800,Syracuse University,156-167,0.0,0.0,0.0,10.0,25.0,12.9
701-800,HSE University,5,0.0,0.0,0.0,,27.1,13.0
701-800,University of Cyprus,1,0.0,0.0,6.5,3.2,23.3,21.2
701-800,University of Greenwich,43-51,16.4,0.0,6.5,4.0,18.4,13.3
701-800,Rutgers University-Newark,156-167,0.0,0.0,6.5,9.1,19.6,15.8
701-800,Ohio University,156-167,12.7,0.0,0.0,9.2,18.5,15.4
701-800,Hacettepe University,3-5,0.0,0.0,0.0,2.9,33.1,14.1
701-800,Al-Azhar University,5-6,0.0,0.0,0.0,2.0,32.2,13.7
701-800,Zagazig University,5-6,0.0,0.0,6.5,0.0,30.8,13.4
701-800,University of Ulster,43-51,0.0,0.0,11.3,4.5,20.1,15.0
701-800,University of Palermo,28-31,0.0,0.0,0.0,4.5,31.9,16.3
701-800,University of Calabria,28-31,0.0,0.0,6.5,2.0,23.8,17.1
701-800,Xinjiang University,138-156,0.0,0.0,0.0,0.0,35.0,13.4
701-800,University of the Punjab,2,12.7,0.0,0.0,1.4,29.9,13.3
701-800,Copenhagen Business School,6,0.0,0.0,9.2,,19.3,10.3
701-800,NOVA University Lisbon,6,0.0,0.0,6.5,5.0,25.6,15.1
701-800,Stockholm School of Economics,11-12,0.0,14.6,0.0,,11.1,19.7
701-800,University of Eastern Finland,6-7,0.0,0.0,0.0,6.9,29.8,13.0
701-800,Orebro University,11-12,0.0,0.0,6.5,3.9,22.9,19.7
701-800,Jeonbuk National University,19-22,0.0,0.0,0.0,4.2,31.5,15.9
701-800,Chung-Ang University,19-22,0.0,0.0,0.0,2.9,32.8,15.9
701-800,Chungbuk National University,19-22,0.0,0.0,6.5,2.5,27.0,16.5
701-800,University of Malaga,21-26,0.0,0.0,0.0,5.0,29.2,14.0
701-800,Federal University of Sao Paulo,7-11,0.0,0.0,0.0,3.9,30.5,13.0
701-800,University of Extremadura,21-26,0.0,0.0,9.2,3.9,22.5,14.4
701-800,Kent State University,156-167,0.0,0.0,9.2,4.3,21.1,13.6
701-800,Clemson University,156-167,0.0,0.0,0.0,6.4,30.2,16.2
701-800,University at Albany (State University of New York),156-167,0.0,0.0,6.5,4.5,22.7,17.4
701-800,Hasselt University,8,0.0,0.0,6.5,3.8,20.9,21.0
701-800,The University of Texas at Arlington,156-167,0.0,0.0,6.5,3.8,25.2,17.6
701-800,University of Tennessee Health Science Center,156-167,0.0,0.0,9.2,7.8,21.5,11.7
701-800,SRM INSTITUTE OF SCIENCE AND TECHNOLOGY,5-7,0.0,0.0,0.0,1.4,34.5,14.6
701-800,University of Idaho,156-167,0.0,0.0,6.5,8.8,18.2,16.3
701-800,University of Wyoming,156-167,0.0,0.0,6.5,5.7,22.4,16.9
701-800,University of Sharjah,2,0.0,0.0,6.5,2.0,28.4,12.4
701-800,University of Jyvaskyla,6-7,0.0,0.0,0.0,8.0,27.7,12.2
701-800,Chungnam National University,19-22,0.0,0.0,0.0,2.0,32.8,16.8
701-800,Paris-East Créteil University,21,0.0,0.0,6.5,5.2,23.5,14.1
701-800,New Jersey Institute of Technology,156-167,0.0,0.0,6.5,7.4,18.1,18.6
701-800,University of Magdeburg,43-47,0.0,0.0,0.0,5.9,23.6,23.0
701-800,University of Greifswald,43-47,0.0,0.0,6.5,7.2,18.0,19.4
701-800,University of Augsburg,43-47,0.0,0.0,6.5,5.7,19.5,20.2
701-800,University of Oldenburg,43-47,0.0,0.0,0.0,9.5,21.2,22.1
701-800,Technical University of Dortmund,43-47,0.0,0.0,0.0,4.3,26.8,24.9
701-800,Shahid Beheshti University of Medical Sciences,4-6,0.0,0.0,0.0,4.0,30.9,13.2
701-800,Loughborough University,43-51,0.0,0.0,0.0,5.0,27.9,16.7
701-800,Northumbria University,43-51,0.0,0.0,0.0,5.9,28.7,12.9
701-800,King Fahd University of Petroleum & Minerals,8-10,0.0,0.0,0.0,0.0,31.1,20.4
701-800,Qassim University,8-10,0.0,0.0,6.5,1.4,29.1,12.7
701-800,Harbin Medical University,138-156,0.0,0.0,0.0,2.0,31.3,17.3
701-800,China Medical University (Shenyang),138-156,0.0,0.0,0.0,2.0,33.2,18.6
701-800,Indian Institute of Technology Roorkee,5-7,0.0,0.0,6.5,0.0,29.1,12.6
701-800,Kitasato University,21-22,0.0,13.8,0.0,5.0,19.2,10.3
701-800,University of Alcalá,21-26,0.0,0.0,0.0,7.8,25.9,17.3
701-800,Universitat de Lleida,21-26,0.0,0.0,9.2,3.8,18.4,19.9
701-800,University Rovira i Virgili,21-26,0.0,0.0,0.0,5.2,24.2,23.5
701-800,Kindai University,21-22,0.0,0.0,9.2,6.4,22.2,10.6
701-800,Federal University of Santa Catarina,7-11,0.0,0.0,0.0,4.4,30.2,12.9
701-800,University of Castilla–La Mancha,21-26,0.0,0.0,6.5,2.5,26.6,13.9
701-800,Federal University of Parana,7-11,0.0,0.0,0.0,3.2,32.9,14.0
701-800,Federal University of Santa Maria,7-11,0.0,0.0,9.2,4.7,25.0,11.5
701-800,University of Brasília,7-11,0.0,0.0,0.0,5.9,29.7,12.8
801-900,The Royal Veterinary College,52-58,0.0,0.0,6.5,9.1,13.9,16.9
801-900,Memorial University of Newfoundland,23-25,0.0,0.0,6.5,4.3,22.6,12.8
801-900,Kanazawa University,23-25,0.0,0.0,0.0,8.2,25.1,13.5
801-900,University of Burgundy,22-24,0.0,0.0,0.0,6.2,26.6,15.1
801-900,University Savoie Mont Blanc,22-24,0.0,0.0,0.0,8.1,21.5,19.1
801-900,INSA Toulouse,22-24,0.0,0.0,11.3,4.5,13.1,16.9
801-900,Heriot-Watt University,52-58,0.0,0.0,6.5,3.9,19.9,17.4
801-900,"Royal Holloway, University of London",52-58,0.0,0.0,0.0,8.5,21.8,16.9
801-900,"Birkbeck, University of London",52-58,0.0,0.0,6.5,6.6,17.2,17.0
801-900,Cranfield University,52-58,0.0,0.0,6.5,2.9,20.2,18.7
801-900,Ankara University,6-7,0.0,0.0,0.0,4.3,29.9,12.8
801-900,Nottingham Trent University,52-58,0.0,0.0,6.5,2.0,23.6,16.8
801-900,American University of Beirut,2,0.0,0.0,9.2,2.5,20.5,9.6
801-900,The Graduate University for Advanced Studies,23-25,0.0,0.0,0.0,12.8,19.0,9.7
801-900,The University of Waikato,5-7,0.0,0.0,6.5,2.9,20.4,19.1
801-900,University of Regina,23-25,0.0,0.0,6.5,5.5,18.1,14.8
801-900,King Faisal University,11,0.0,0.0,0.0,3.9,27.9,11.9
801-900,University of Oviedo,27-30,0.0,0.0,0.0,6.0,27.2,13.7
801-900,Massey University,5-7,0.0,0.0,0.0,5.9,25.7,16.5
801-900,National University of Cordoba,2,0.0,0.0,6.5,5.4,20.6,9.4
801-900,National Chung Hsing University,11,0.0,0.0,0.0,3.5,28.0,16.0
801-900,University of Stirling,52-58,0.0,0.0,6.5,7.3,17.7,16.9
801-900,University of Quebec Montreal,23-25,0.0,0.0,0.0,4.6,26.7,13.0
801-900,University of Girona,27-30,0.0,0.0,0.0,4.4,22.8,22.0
801-900,Budapest University of Technology and Economics,4,16.4,0.0,0.0,3.8,21.7,10.5
801-900,United Arab Emirates University,3,0.0,0.0,0.0,5.5,28.6,12.3
801-900,University of Thessaly,3-5,0.0,0.0,6.5,4.3,24.0,10.7
801-900,"National University of Ireland, Maynooth",5-6,11.6,0.0,9.2,2.5,17.4,9.1
801-900,Catholic University of Korea,23-26,0.0,0.0,0.0,2.5,30.8,14.3
801-900,University of Vigo,27-30,0.0,0.0,0.0,4.5,26.5,15.8
801-900,National Technical University of Athens,3-5,0.0,0.0,6.5,0.0,25.4,11.1
801-900,Czech University of Life Sciences Prague,5-6,0.0,0.0,0.0,4.3,22.7,21.9
801-900,Polytechnic University of Catalonia,27-30,0.0,0.0,0.0,3.8,27.8,17.3
801-900,University of Limerick,5-6,0.0,0.0,6.5,4.0,23.2,10.3
801-900,University of Crete,3-5,0.0,0.0,6.5,6.6,20.8,9.6
801-900,AUT University,5-7,0.0,0.0,6.5,2.0,21.2,15.1
801-900,National University of Colombia,1,0.0,0.0,0.0,5.5,26.9,11.7
801-900,Czech Technical University in Prague,5-6,5.2,0.0,0.0,3.6,25.0,14.9
801-900,University of Jordan,1,0.0,0.0,6.5,1.4,23.5,10.4
801-900,University of Kassel,48,0.0,0.0,6.5,3.8,18.7,18.3
801-900,Politecnico di Bari,32-40,0.0,0.0,6.5,5.2,18.1,18.8
801-900,Free University of Bozen-Bolzano,32-40,0.0,0.0,9.2,2.0,17.0,18.4
801-900,Campus Bio-Medico University of Rome,32-40,0.0,0.0,11.3,2.5,15.3,18.2
801-900,Scuola Normale Superiore - Pisa,32-40,15.6,0.0,0.0,5.3,16.5,19.4
801-900,University of Messina,32-40,0.0,0.0,0.0,2.9,28.9,17.6
801-900,University of Modena and Reggio Emilia,32-40,0.0,0.0,0.0,2.5,28.6,18.4
801-900,University of Cagliari,32-40,0.0,0.0,0.0,3.8,26.6,16.9
801-900,University of Canberra,30,0.0,0.0,0.0,2.9,23.5,22.2
801-900,Dongguk University,23-26,0.0,0.0,0.0,3.4,26.8,14.0
801-900,Nagasaki University,23-25,10.4,0.0,0.0,4.0,23.0,11.9
801-900,Gdansk University of Technology,3,0.0,0.0,9.2,1.4,22.6,14.4
801-900,Hebei Medical University,157-179,0.0,0.0,0.0,0.0,31.6,18.4
801-900,Northeast Forestry University,157-179,0.0,0.0,0.0,2.0,30.8,13.6
801-900,Johannes Kepler University Linz,9-11,0.0,0.0,0.0,6.2,21.7,21.4
801-900,University of Salzburg,9-11,0.0,0.0,6.5,2.0,19.4,19.5
801-900,Aligarh Muslim University,8-11,0.0,0.0,6.5,2.9,22.6,10.0
801-900,Saveetha Institute of Medical and Technical Sciences (Deemed to be University),8-11,0.0,0.0,0.0,0.0,32.7,13.9
801-900,Indian Institute of Technology Madras,8-11,0.0,0.0,0.0,3.2,31.0,13.2
801-900,Indian Institute of Technology Kharagpur,8-11,0.0,0.0,0.0,0.0,32.1,13.6
801-900,Xiangtan University,157-179,0.0,0.0,0.0,3.8,29.2,11.4
801-900,Skolkovo Institute of Science and Technology,6-7,0.0,0.0,6.5,8.9,17.7,8.8
801-900,Sichuan Agricultural University,157-179,0.0,0.0,0.0,2.0,32.5,11.1
801-900,Florida Atlantic University,168-176,0.0,0.0,6.5,4.4,20.6,14.5
801-900,University of Texas Rio Grande Valley,168-176,0.0,0.0,9.2,5.0,18.2,12.1
801-900,SUNY Downstate Health Sciences University,168-176,0.0,14.1,0.0,3.2,14.6,16.2
801-900,University of Wisconsin-Milwaukee,168-176,9.0,0.0,0.0,5.9,20.6,13.9
801-900,University of Texas at El Paso,168-176,0.0,0.0,6.5,6.6,18.3,15.4
801-900,The Education University of Hong Kong,7,0.0,0.0,6.5,0.0,24.0,16.6
801-900,Federal University of Viçosa,12-13,0.0,0.0,6.5,2.9,24.2,10.7
801-900,University of Missouri-Kansas City,168-176,0.0,0.0,6.5,2.7,20.4,15.3
801-900,University of Alaska - Fairbanks,168-176,0.0,0.0,0.0,11.6,16.4,19.1
801-900,Old Dominion University,168-176,0.0,0.0,6.5,6.9,19.5,14.3
801-900,Federal University of Sao Carlos,12-13,0.0,0.0,0.0,5.4,27.3,11.8
801-900,University of Rhode Island,168-176,0.0,0.0,6.5,3.8,21.4,15.4
801-900,Southwest Petroleum University,157-179,0.0,0.0,0.0,2.5,31.8,12.1
801-900,Hangzhou Normal University,157-179,0.0,0.0,0.0,3.2,29.7,11.8
801-900,Chengdu University,157-179,0.0,0.0,0.0,1.4,30.3,12.1
801-900,China Pharmaceutical University,157-179,0.0,0.0,0.0,5.0,26.9,13.1
801-900,Gachon University,23-26,0.0,0.0,0.0,2.0,29.5,15.9
801-900,University of Campania Luigi Vanvitelli,32-40,0.0,0.0,0.0,2.5,29.1,18.3
801-900,Istanbul University Cerrahpaşa,6-7,0.0,0.0,6.5,0.0,25.4,11.1
801-900,Kangwon National University,23-26,0.0,0.0,0.0,3.5,26.3,13.8
801-900,Novosibirsk State University,6-7,12.7,0.0,0.0,3.5,23.2,10.7
801-900,University of Salerno,32-40,0.0,0.0,0.0,2.9,28.4,16.7
801-900,Xuzhou Medical University,157-179,0.0,0.0,0.0,2.0,28.9,15.1
801-900,Wuhan University of Science and Technology,157-179,0.0,0.0,0.0,2.5,32.1,12.0
801-900,Zhongnan University of Economics and Law,157-179,0.0,0.0,0.0,,24.3,11.3
801-900,Liaocheng University,157-179,0.0,0.0,6.5,1.4,26.0,10.2
801-900,Jimei University,157-179,0.0,0.0,6.5,4.5,21.2,9.5
801-900,Shandong Normal University,157-179,0.0,0.0,0.0,2.0,31.7,11.8
801-900,Xi'an University of Architecture and Technology,157-179,0.0,0.0,0.0,0.0,31.8,11.9
801-900,Graz University of Technology,9-11,0.0,0.0,0.0,6.2,21.3,21.1
801-900,Anhui Agricultural University,157-179,0.0,0.0,6.5,1.4,25.4,11.7
801-900,Shaanxi University of Science and Technology,157-179,0.0,0.0,6.5,0.0,27.1,12.6
801-900,Qingdao Agricultural University,157-179,0.0,0.0,6.5,3.2,23.5,9.4
801-900,Capital Normal University,157-179,0.0,0.0,6.5,5.2,23.3,10.5
801-900,Shanghai Normal University,157-179,0.0,0.0,0.0,5.6,26.0,10.0
801-900,Heilongjiang University,157-179,0.0,0.0,11.3,1.4,21.3,9.5
801-900,Jiangxi Normal University,157-179,0.0,0.0,9.2,1.4,24.4,9.8
801-900,University of South China,157-179,0.0,0.0,0.0,1.4,30.8,12.6
901-1000,Dublin City University,7,0.0,0.0,6.5,3.2,20.4,9.2
901-1000,Juntendo University,26-30,0.0,0.0,0.0,5.3,24.7,10.7
901-1000,Ajou University,27-29,0.0,0.0,0.0,2.0,25.3,15.3
901-1000,Liaoning University of Technology,180-203,0.0,0.0,17.2,0.0,12.8,12.2
901-1000,Shanghai University of Finance and Economics,180-203,0.0,0.0,0.0,,22.2,13.9
901-1000,Hallym University,27-29,0.0,0.0,0.0,3.5,24.2,14.7
901-1000,Harbin University of Science and Technology,180-203,0.0,0.0,6.5,0.0,23.5,9.7
901-1000,Loyola University Chicago,177-183,0.0,0.0,0.0,4.9,22.4,14.1
901-1000,Amherst College,177-183,24.4,0.0,0.0,4.6,9.3,19.1
901-1000,University of Alabama in Huntsville,177-183,0.0,0.0,6.5,6.4,13.5,15.5
901-1000,Tanta University,7-8,0.0,0.0,0.0,1.4,26.9,11.4
901-1000,Lehigh University,177-183,0.0,0.0,0.0,6.8,20.2,15.5
901-1000,Wuhan Institute of Technology,180-203,0.0,0.0,0.0,3.2,25.7,11.1
901-1000,Jiangsu University of Science and Technology,180-203,0.0,0.0,0.0,0.0,30.8,11.4
901-1000,Tianjin University of Science and Technology,180-203,0.0,0.0,6.5,0.0,23.4,10.8
901-1000,Inner Mongolia University,180-203,0.0,0.0,6.5,1.4,22.4,10.1
901-1000,Henan Polytechnic University,180-203,0.0,0.0,0.0,0.0,29.5,9.6
901-1000,Henan Agricultural University,180-203,0.0,0.0,0.0,3.5,26.2,10.1
901-1000,Guilin University of Electronic Technology,180-203,0.0,0.0,0.0,1.4,27.4,10.7
901-1000,Changsha University of Science and Technology,180-203,0.0,0.0,0.0,2.3,28.2,10.1
901-1000,Suez Canal University,7-8,0.0,0.0,6.5,2.9,20.3,9.1
901-1000,North Dakota State University,177-183,0.0,0.0,6.5,1.4,19.4,15.6
901-1000,Yokohama City University,26-30,0.0,0.0,0.0,8.6,22.1,10.1
901-1000,University of South Africa,8,13.7,0.0,0.0,1.4,22.8,10.5
901-1000,The University of Tokushima,26-30,12.7,0.0,0.0,6.9,17.8,11.2
901-1000,Guangzhou University of Chinese Medicine,180-203,0.0,0.0,0.0,2.0,27.8,11.1
901-1000,Huaqiao University,180-203,0.0,0.0,0.0,3.2,25.6,10.1
901-1000,Yantai University,180-203,0.0,0.0,0.0,2.0,27.2,11.3
901-1000,Zhejiang A&F University,180-203,0.0,0.0,0.0,3.0,26.3,11.5
901-1000,Yangtze University,180-203,0.0,0.0,0.0,1.4,28.6,10.5
901-1000,Xi'an Jiaotong-Liverpool University,180-203,0.0,0.0,6.5,0.0,22.2,11.4
901-1000,University of Novi Sad,2,0.0,0.0,0.0,2.9,27.1,11.6
901-1000,University of Patras,6,0.0,0.0,0.0,3.8,26.6,11.4
901-1000,Western Norway University of Applied Sciences,6,0.0,0.0,9.2,3.5,17.7,10.4
901-1000,University of Hertfordshire,59-62,0.0,0.0,6.5,5.8,18.5,10.7
901-1000,Kumamoto University,26-30,0.0,0.0,0.0,6.1,23.0,13.7
901-1000,University of Portsmouth,59-62,0.0,0.0,0.0,4.7,23.0,12.6
901-1000,University of Bradford,59-62,0.0,0.0,6.5,4.7,16.4,13.9
901-1000,Ege University,8-10,0.0,0.0,0.0,3.5,26.8,11.5
901-1000,Shanxi Medical University,180-203,0.0,0.0,0.0,0.0,28.8,15.5
901-1000,Cukurova University,8-10,0.0,0.0,6.5,2.5,22.3,9.9
901-1000,Augusta University,177-183,0.0,0.0,6.5,2.0,20.5,12.0
901-1000,University of Poitiers,25,10.4,0.0,0.0,5.4,19.3,11.5
901-1000,Lakehead University,26-27,0.0,0.0,9.2,4.0,14.6,15.8
901-1000,University of New Brunswick,26-27,0.0,0.0,6.5,3.2,18.8,13.9
901-1000,Tokyo University of Agriculture and Technology,26-30,0.0,0.0,0.0,7.0,18.9,16.7
901-1000,Sunway University,5,0.0,0.0,11.3,0.0,20.2,9.8
901-1000,University of Central Lancashire,59-62,0.0,0.0,9.2,5.0,15.5,9.0
901-1000,Shanghai University of Traditional Chinese Medicine,180-203,0.0,0.0,0.0,0.0,27.5,16.4
901-1000,National University of Sciences and Technology Pakistan,3-5,0.0,0.0,0.0,0.0,28.8,12.2
901-1000,Amirkabir University of Technology,7-9,0.0,0.0,0.0,2.0,27.0,11.5
901-1000,National Central University,12-13,0.0,0.0,0.0,3.5,24.4,16.2
901-1000,Kaohsiung Medical University,12-13,0.0,0.0,0.0,0.0,26.8,19.5
901-1000,Charles Sturt University,31,0.0,0.0,6.5,2.0,19.0,17.6
901-1000,University of Cantabria,31-36,0.0,0.0,0.0,5.2,21.3,17.0
901-1000,Jazan University,12,0.0,0.0,0.0,2.9,26.6,11.3
901-1000,University of Valladolid,31-36,0.0,0.0,0.0,3.5,24.9,13.4
901-1000,University of Jaen,31-36,0.0,0.0,6.5,1.4,21.1,14.9
901-1000,Universidad de Cadiz,31-36,0.0,0.0,0.0,5.4,22.6,14.8
901-1000,University of Cordoba,31-36,0.0,0.0,0.0,2.5,25.1,16.4
901-1000,Carlos III University of Madrid,31-36,0.0,0.0,0.0,4.9,23.2,14.9
901-1000,Nicolaus Copernicus University,4-8,0.0,0.0,0.0,5.5,23.7,10.2
901-1000,Adam Mickiewicz University,4-8,0.0,0.0,0.0,5.7,25.1,9.2
901-1000,University of Nebraska Medical Center,177-183,0.0,0.0,0.0,4.3,23.6,17.0
901-1000,Roma Tre University,41-42,0.0,0.0,0.0,5.2,23.9,15.0
901-1000,Universidade Federal de Pelotas,14-18,0.0,0.0,6.5,2.5,20.7,9.2
901-1000,Federal University of Goiás,14-18,0.0,0.0,0.0,5.7,24.2,10.5
901-1000,Federal University of Ceara,14-18,0.0,0.0,0.0,4.7,24.9,10.7
901-1000,Federal University of Pernambuco,14-18,0.0,0.0,0.0,2.5,28.0,11.9
901-1000,University of Udine,41-42,0.0,0.0,0.0,3.5,22.7,17.3
901-1000,University of Hohenheim,49-51,0.0,0.0,0.0,6.5,19.4,19.4
901-1000,Federal University of Bahia,14-18,0.0,0.0,0.0,5.0,23.9,10.3
901-1000,Manipal Academy of Higher Education,12-15,0.0,0.0,0.0,0.0,29.5,12.5
901-1000,University of Calcutta,12-15,17.2,0.0,0.0,2.0,18.8,9.5
901-1000,Indian Institute of Technology Kanpur,12-15,0.0,0.0,0.0,3.8,26.5,11.4
901-1000,Banaras Hindu University,12-15,0.0,0.0,0.0,2.5,28.0,11.9
901-1000,University of Tabriz,7-9,0.0,0.0,0.0,1.4,27.1,11.5
901-1000,Guangxi Medical University,180-203,0.0,0.0,0.0,2.0,28.3,9.7
901-1000,Guangdong Ocean University,180-203,0.0,0.0,6.5,1.4,22.5,9.2
901-1000,Dalian Polytechnic University,180-203,0.0,0.0,6.5,0.0,22.0,12.7
901-1000,Dalian Medical University,180-203,0.0,0.0,0.0,1.4,25.1,15.5
901-1000,North University of China,180-203,0.0,0.0,0.0,1.4,27.5,10.0
901-1000,Gyeongsang National University,27-29,0.0,0.0,0.0,1.4,26.3,13.5
901-1000,Ataturk University,8-10,0.0,0.0,0.0,2.5,26.4,11.3
901-1000,University of Kaiserslautern-Landau,49-51,15.6,0.0,0.0,5.8,18.0,9.3
901-1000,Wroclaw Medical University,4-8,0.0,0.0,6.5,0.0,21.5,14.7
901-1000,Iran University of Science & Technology,7-9,0.0,0.0,0.0,0.0,28.9,12.3
901-1000,Warsaw University of Technology,4-8,0.0,0.0,0.0,3.2,25.3,11.1
901-1000,AGH University of Krakow,4-8,0.0,0.0,0.0,2.0,28.0,11.6
901-1000,Taras Shevchenko National University of Kyiv,1,15.6,0.0,0.0,3.8,19.2,9.5
901-1000,Universite de Tunis El Manar,1,0.0,0.0,0.0,3.5,25.1,10.7
901-1000,University of Ghana,1,0.0,0.0,0.0,6.2,23.6,10.4
901-1000,Hassan II University of Casablanca,1,0.0,0.0,6.5,2.9,20.5,9.2
901-1000,Comenius University in Bratislava,1,0.0,0.0,0.0,5.2,25.5,11.0
901-1000,Singapore University of Technology & Design,4,0.0,0.0,9.2,4.7,17.5,8.6
901-1000,Universidad Andrés Bello,4,0.0,0.0,6.5,4.0,21.1,9.5
901-1000,University of Lahore,3-5,0.0,0.0,0.0,1.4,27.5,11.7
901-1000,Linnaeus University,13,0.0,0.0,6.5,3.5,19.0,13.3
901-1000,University of Wuppertal,49-51,0.0,0.0,0.0,6.9,19.3,19.4
901-1000,Abdul Wali Khan University Mardan,3-5,0.0,0.0,6.5,3.8,20.9,9.4
