Entity,Code,Year,Reported cholera deaths
Afghanistan,AFG,1960,199
Afghanistan,AFG,1965,55
Afghanistan,AFG,1993,931
Afghanistan,AFG,1994,118
Afghanistan,AFG,1995,624
Afghanistan,AFG,1997,125
Afghanistan,AFG,1998,0
Afghanistan,AFG,1999,152
Afghanistan,AFG,2000,198
Afghanistan,AFG,2001,114
Afghanistan,AFG,2003,7
Afghanistan,AFG,2005,0
Afghanistan,AFG,2008,22
Afghanistan,AFG,2009,11
Afghanistan,AFG,2010,10
Afghanistan,AFG,2011,44
Afghanistan,AFG,2012,0
Afghanistan,AFG,2013,14
Afghanistan,AFG,2014,4
Afghanistan,AFG,2015,8
Afghanistan,AFG,2016,5
Afghanistan,AFG,2017,1
Afghanistan,AFG,2019,0
Africa,,1970,747
Africa,,1971,11427
Africa,,1972,386
Africa,,1973,636
Africa,,1974,582
Africa,,1975,504
Africa,,1976,194
Africa,,1977,462
Africa,,1978,1591
Africa,,1979,1869
Africa,,1980,1185
Africa,,1981,1581
Africa,,1982,2988
Africa,,1983,1903
Africa,,1984,1711
Africa,,1985,3837
Africa,,1986,3490
Africa,,1987,2610
Africa,,1988,2237
Africa,,1989,1443
Africa,,1990,2167
Africa,,1991,13998
Africa,,1992,5319
Africa,,1993,2542
Africa,,1994,8136
Africa,,1995,2962
Africa,,1996,5935
Africa,,1997,5853
Africa,,1998,9858
Africa,,1999,8707
Africa,,2000,4960
Africa,,2001,2752
Africa,,2002,4551
Africa,,2003,1884
Africa,,2004,2331
Africa,,2005,2230
Africa,,2006,6292
Africa,,2007,3996
Africa,,2008,5074
Africa,,2009,4883
Africa,,2010,3397
Africa,,2011,4148
Africa,,2012,2042
Africa,,2013,1366
Africa,,2014,1882
Africa,,2015,937
Africa,,2016,1762
Africa,,2017,3217
Africa,,2018,2436
Africa,,2019,880
Africa,,2020,741
Africa,,2021,4094
Albania,ALB,1994,25
Algeria,DZA,1971,110
Algeria,DZA,1972,71
Algeria,DZA,1973,74
Algeria,DZA,1974,50
Algeria,DZA,1975,118
Algeria,DZA,1976,30
Algeria,DZA,1977,9
Algeria,DZA,1978,13
Algeria,DZA,1979,94
Algeria,DZA,1980,18
Algeria,DZA,1983,9
Algeria,DZA,1984,0
Algeria,DZA,1987,0
Algeria,DZA,1988,30
Algeria,DZA,1989,0
Algeria,DZA,1990,20
Algeria,DZA,1992,0
Algeria,DZA,1994,4
Algeria,DZA,2005,0
Algeria,DZA,2006,0
Andorra,AND,1993,0
Angola,AGO,1972,24
Angola,AGO,1973,9
Angola,AGO,1974,34
Angola,AGO,1975,4
Angola,AGO,1977,31
Angola,AGO,1987,1403
Angola,AGO,1988,1542
Angola,AGO,1989,925
Angola,AGO,1990,809
Angola,AGO,1991,582
Angola,AGO,1992,184
Angola,AGO,1994,187
Angola,AGO,1995,248
Angola,AGO,1996,42
Angola,AGO,2005,0
Angola,AGO,2006,2722
Angola,AGO,2007,513
Angola,AGO,2008,243
Angola,AGO,2009,88
Angola,AGO,2010,30
Angola,AGO,2011,110
Angola,AGO,2012,98
Angola,AGO,2013,86
Angola,AGO,2014,3
Angola,AGO,2016,3
Angola,AGO,2017,43
Angola,AGO,2018,25
Argentina,ARG,1992,15
Argentina,ARG,1993,34
Argentina,ARG,1994,15
Argentina,ARG,1995,1
Argentina,ARG,1996,5
Argentina,ARG,1997,12
Argentina,ARG,1998,0
Armenia,ARM,1998,0
Asia,,1949,3
Asia,,1950,16133
Asia,,1951,58661
Asia,,1952,71397
Asia,,1953,141173
Asia,,1954,28835
Asia,,1955,17476
Asia,,1956,32523
Asia,,1957,54853
Asia,,1958,61836
Asia,,1959,19367
Asia,,1960,7800
Asia,,1961,30528
Asia,,1962,30231
Asia,,1963,19137
Asia,,1964,22289
Asia,,1965,13996
Asia,,1966,4572
Asia,,1967,637
Asia,,1968,830
Asia,,1969,2209
Asia,,1970,6785
Asia,,1971,14701
Asia,,1972,10271
Asia,,1973,9422
Asia,,1974,7019
Asia,,1975,6567
Asia,,1976,3754
Asia,,1977,1694
Asia,,1978,1763
Asia,,1979,1601
Asia,,1980,769
Asia,,1981,860
Asia,,1982,833
Asia,,1983,765
Asia,,1984,119
Asia,,1985,276
Asia,,1986,476
Asia,,1987,399
Asia,,1988,618
Asia,,1989,268
Asia,,1990,632
Asia,,1991,1286
Asia,,1992,401
Asia,,1993,1783
Asia,,1994,1432
Asia,,1995,1220
Asia,,1996,121
Asia,,1997,290
Asia,,1998,210
Asia,,1999,407
Asia,,2000,251
Asia,,2001,143
Asia,,2002,13
Asia,,2003,10
Asia,,2004,14
Asia,,2005,42
Asia,,2006,8
Asia,,2007,37
Asia,,2008,69
Asia,,2009,18
Asia,,2010,60
Asia,,2011,426
Asia,,2012,27
Asia,,2013,100
Asia,,2014,42
Asia,,2015,30
Asia,,2016,184
Asia,,2017,2267
Asia,,2018,512
Asia,,2019,1036
Asia,,2020,116
Asia,,2021,65
Australia,AUS,1969,0
Australia,AUS,1972,0
Australia,AUS,1977,0
Australia,AUS,1978,0
Australia,AUS,1979,0
Australia,AUS,1980,0
Australia,AUS,1981,0
Australia,AUS,1982,0
Australia,AUS,1983,0
Australia,AUS,1984,0
Australia,AUS,1985,0
Australia,AUS,1987,0
Australia,AUS,1988,0
Australia,AUS,1990,0
Australia,AUS,1992,0
Australia,AUS,1993,0
Australia,AUS,1994,0
Australia,AUS,1995,0
Australia,AUS,1996,0
Australia,AUS,1997,0
Australia,AUS,1999,0
Australia,AUS,2004,0
Australia,AUS,2005,0
Australia,AUS,2006,0
Australia,AUS,2007,0
Australia,AUS,2010,0
Australia,AUS,2011,0
Australia,AUS,2012,0
Australia,AUS,2013,0
Australia,AUS,2014,0
Australia,AUS,2016,0
Australia,AUS,2017,0
Australia,AUS,2019,0
Austria,AUT,1982,0
Austria,AUT,1990,0
Austria,AUT,1993,0
Austria,AUT,1994,0
Austria,AUT,1996,0
Austria,AUT,1999,0
Austria,AUT,2005,0
Azerbaijan,AZE,1994,0
Bahamas,BHS,2012,0
Bahrain,BHR,1965,0
Bahrain,BHR,1972,4
Bahrain,BHR,1973,0
Bahrain,BHR,1978,2
Bahrain,BHR,1979,0
Bahrain,BHR,2015,0
Bahrain,BHR,2021,0
Bangladesh,BGD,1950,12947
Bangladesh,BGD,1951,12372
Bangladesh,BGD,1952,12884
Bangladesh,BGD,1953,16904
Bangladesh,BGD,1954,9443
Bangladesh,BGD,1955,9802
Bangladesh,BGD,1956,15310
Bangladesh,BGD,1957,5134
Bangladesh,BGD,1958,10119
Bangladesh,BGD,1959,11056
Bangladesh,BGD,1960,6272
Bangladesh,BGD,1961,1703
Bangladesh,BGD,1962,1304
Bangladesh,BGD,1963,1248
Bangladesh,BGD,1964,2419
Bangladesh,BGD,1965,683
Bangladesh,BGD,1966,1234
Bangladesh,BGD,1967,369
Bangladesh,BGD,1968,614
Bangladesh,BGD,1969,1556
Bangladesh,BGD,1970,1889
Bangladesh,BGD,1971,386
Bangladesh,BGD,1972,201
Bangladesh,BGD,1973,369
Bangladesh,BGD,1974,173
Bangladesh,BGD,1975,117
Bangladesh,BGD,1976,62
Bangladesh,BGD,1977,354
Bangladesh,BGD,1978,81
Bangladesh,BGD,1979,21
Bangladesh,BGD,1987,23
Bangladesh,BGD,1988,43
Bangladesh,BGD,1989,2
Bangladesh,BGD,1990,4
Bangladesh,BGD,1991,0
Bangladesh,BGD,1992,29
Bangladesh,BGD,1993,0
Bangladesh,BGD,1994,41
Bangladesh,BGD,1995,61
Bangladesh,BGD,1996,0
Bangladesh,BGD,1997,95
Bangladesh,BGD,1998,26
Bangladesh,BGD,1999,63
Bangladesh,BGD,2000,16
Bangladesh,BGD,2018,0
Bangladesh,BGD,2019,0
Belarus,BLR,1994,0
Belarus,BLR,1995,0
Belgium,BEL,1980,0
Belgium,BEL,1981,0
Belgium,BEL,1983,0
Belgium,BEL,1984,0
Belgium,BEL,1985,0
Belgium,BEL,1993,0
Belgium,BEL,1994,0
Belgium,BEL,2004,0
Belgium,BEL,2005,0
Belize,BLZ,1992,4
Belize,BLZ,1993,3
Belize,BLZ,1994,1
Belize,BLZ,1995,1
Belize,BLZ,1996,0
Belize,BLZ,1997,0
Belize,BLZ,1998,1
Belize,BLZ,1999,0
Benin,BEN,1970,37
Benin,BEN,1971,274
Benin,BEN,1972,29
Benin,BEN,1973,2
Benin,BEN,1974,4
Benin,BEN,1975,1
Benin,BEN,1976,14
Benin,BEN,1977,0
Benin,BEN,1978,0
Benin,BEN,1980,0
Benin,BEN,1981,0
Benin,BEN,1982,0
Benin,BEN,1983,0
Benin,BEN,1984,0
Benin,BEN,1986,13
Benin,BEN,1991,259
Benin,BEN,1992,17
Benin,BEN,1993,2
Benin,BEN,1994,20
Benin,BEN,1995,12
Benin,BEN,1996,203
Benin,BEN,1997,16
Benin,BEN,1998,1
Benin,BEN,1999,25
Benin,BEN,2000,11
Benin,BEN,2001,71
Benin,BEN,2002,13
Benin,BEN,2003,11
Benin,BEN,2004,9
Benin,BEN,2005,11
Benin,BEN,2006,1
Benin,BEN,2008,5
Benin,BEN,2009,1
Benin,BEN,2010,8
Benin,BEN,2011,4
Benin,BEN,2012,3
Benin,BEN,2013,6
Benin,BEN,2014,12
Benin,BEN,2016,13
Benin,BEN,2017,0
Benin,BEN,2019,0
Benin,BEN,2020,6
Benin,BEN,2021,23
Bhutan,BTN,1958,0
Bhutan,BTN,1991,19
Bhutan,BTN,1992,6
Bhutan,BTN,1995,0
Bhutan,BTN,1998,0
Bolivia,BOL,1991,12
Bolivia,BOL,1992,395
Bolivia,BOL,1993,254
Bolivia,BOL,1994,46
Bolivia,BOL,1995,54
Bolivia,BOL,1996,68
Bolivia,BOL,1997,18
Bolivia,BOL,1998,7
Botswana,BWA,2005,0
Botswana,BWA,2006,0
Botswana,BWA,2008,1
Botswana,BWA,2009,2
Brazil,BRA,1991,33
Brazil,BRA,1992,363
Brazil,BRA,1993,644
Brazil,BRA,1994,452
Brazil,BRA,1995,85
Brazil,BRA,1996,33
Brazil,BRA,1997,37
Brazil,BRA,1998,27
Brazil,BRA,1999,83
Brazil,BRA,2000,17
Brazil,BRA,2001,0
Brazil,BRA,2004,0
Brazil,BRA,2005,0
Brazil,BRA,2011,0
Brunei,BRN,1955,0
Brunei,BRN,1965,6
Brunei,BRN,1970,0
Brunei,BRN,1982,0
Brunei,BRN,1999,0
Burkina Faso,BFA,1970,1
Burkina Faso,BFA,1971,495
Burkina Faso,BFA,1972,0
Burkina Faso,BFA,1973,249
Burkina Faso,BFA,1974,66
Burkina Faso,BFA,1975,3
Burkina Faso,BFA,1978,0
Burkina Faso,BFA,1984,117
Burkina Faso,BFA,1985,156
Burkina Faso,BFA,1991,61
Burkina Faso,BFA,1995,113
Burkina Faso,BFA,1996,58
Burkina Faso,BFA,1998,52
Burkina Faso,BFA,1999,7
Burkina Faso,BFA,2000,14
Burkina Faso,BFA,2001,7
Burkina Faso,BFA,2005,16
Burkina Faso,BFA,2006,0
Burkina Faso,BFA,2008,0
Burkina Faso,BFA,2011,2
Burkina Faso,BFA,2012,7
Burkina Faso,BFA,2021,0
Burundi,BDI,1978,248
Burundi,BDI,1979,31
Burundi,BDI,1980,28
Burundi,BDI,1981,11
Burundi,BDI,1982,9
Burundi,BDI,1983,35
Burundi,BDI,1984,10
Burundi,BDI,1985,15
Burundi,BDI,1992,29
Burundi,BDI,1993,0
Burundi,BDI,1994,41
Burundi,BDI,1997,95
Burundi,BDI,1998,26
Burundi,BDI,1999,63
Burundi,BDI,2000,16
Burundi,BDI,2001,20
Burundi,BDI,2002,8
Burundi,BDI,2003,18
Burundi,BDI,2004,14
Burundi,BDI,2005,18
Burundi,BDI,2006,7
Burundi,BDI,2007,2
Burundi,BDI,2008,4
Burundi,BDI,2009,0
Burundi,BDI,2010,1
Burundi,BDI,2011,1
Burundi,BDI,2012,1
Burundi,BDI,2013,17
Burundi,BDI,2014,9
Burundi,BDI,2015,0
Burundi,BDI,2016,5
Burundi,BDI,2017,0
Burundi,BDI,2018,1
Burundi,BDI,2019,9
Burundi,BDI,2020,5
Burundi,BDI,2021,0
Cambodia,KHM,1950,1
Cambodia,KHM,1951,40
Cambodia,KHM,1952,10
Cambodia,KHM,1953,8
Cambodia,KHM,1954,2
Cambodia,KHM,1956,1
Cambodia,KHM,1957,1
Cambodia,KHM,1958,0
Cambodia,KHM,1963,13
Cambodia,KHM,1964,27
Cambodia,KHM,1966,5
Cambodia,KHM,1967,0
Cambodia,KHM,1968,1
Cambodia,KHM,1973,14
Cambodia,KHM,1974,1
Cambodia,KHM,1975,0
Cambodia,KHM,1987,55
Cambodia,KHM,1988,0
Cambodia,KHM,1989,2
Cambodia,KHM,1990,0
Cambodia,KHM,1991,97
Cambodia,KHM,1992,120
Cambodia,KHM,1993,104
Cambodia,KHM,1994,211
Cambodia,KHM,1995,123
Cambodia,KHM,1996,20
Cambodia,KHM,1997,0
Cambodia,KHM,1998,66
Cambodia,KHM,1999,130
Cambodia,KHM,2004,1
Cambodia,KHM,2009,0
Cambodia,KHM,2010,1
Cambodia,KHM,2020,0
Cameroon,CMR,1971,336
Cameroon,CMR,1972,27
Cameroon,CMR,1973,16
Cameroon,CMR,1974,16
Cameroon,CMR,1975,0
Cameroon,CMR,1976,27
Cameroon,CMR,1978,0
Cameroon,CMR,1979,4
Cameroon,CMR,1980,23
Cameroon,CMR,1981,17
Cameroon,CMR,1982,3
Cameroon,CMR,1983,18
Cameroon,CMR,1984,60
Cameroon,CMR,1985,103
Cameroon,CMR,1986,12
Cameroon,CMR,1987,6
Cameroon,CMR,1988,0
Cameroon,CMR,1989,2
Cameroon,CMR,1990,0
Cameroon,CMR,1991,491
Cameroon,CMR,1992,66
Cameroon,CMR,1993,19
Cameroon,CMR,1994,61
Cameroon,CMR,1995,21
Cameroon,CMR,1996,485
Cameroon,CMR,1997,180
Cameroon,CMR,1998,316
Cameroon,CMR,1999,35
Cameroon,CMR,2000,29
Cameroon,CMR,2001,7
Cameroon,CMR,2002,8
Cameroon,CMR,2003,36
Cameroon,CMR,2004,137
Cameroon,CMR,2005,110
Cameroon,CMR,2006,35
Cameroon,CMR,2007,1
Cameroon,CMR,2008,0
Cameroon,CMR,2009,89
Cameroon,CMR,2010,657
Cameroon,CMR,2011,783
Cameroon,CMR,2012,5
Cameroon,CMR,2013,0
Cameroon,CMR,2014,184
Cameroon,CMR,2015,6
Cameroon,CMR,2018,58
Cameroon,CMR,2019,93
Cameroon,CMR,2020,73
Cameroon,CMR,2021,23
Canada,CAN,1988,0
Canada,CAN,1989,0
Canada,CAN,1991,0
Canada,CAN,1992,0
Canada,CAN,1993,1
Canada,CAN,1994,0
Canada,CAN,1995,0
Canada,CAN,1996,0
Canada,CAN,1998,0
Canada,CAN,2000,0
Canada,CAN,2002,0
Canada,CAN,2004,0
Canada,CAN,2005,0
Canada,CAN,2006,0
Canada,CAN,2007,0
Canada,CAN,2008,0
Canada,CAN,2009,0
Canada,CAN,2010,0
Canada,CAN,2013,0
Canada,CAN,2014,0
Canada,CAN,2015,0
Canada,CAN,2016,0
Canada,CAN,2017,0
Canada,CAN,2020,0
Cape Verde,CPV,1974,8
Cape Verde,CPV,1975,3
Cape Verde,CPV,1976,17
Cape Verde,CPV,1994,12
Cape Verde,CPV,1995,240
Cape Verde,CPV,1996,3
Cape Verde,CPV,1998,1
Cape Verde,CPV,2005,0
Cape Verde,CPV,2006,0
Central African Republic,CAF,1997,75
Central African Republic,CAF,1998,3
Central African Republic,CAF,2004,48
Central African Republic,CAF,2005,0
Central African Republic,CAF,2006,0
Central African Republic,CAF,2011,15
Central African Republic,CAF,2012,0
Chad,TCD,1971,2411
Chad,TCD,1972,3
Chad,TCD,1974,87
Chad,TCD,1991,1344
Chad,TCD,1994,43
Chad,TCD,1996,448
Chad,TCD,1997,443
Chad,TCD,1998,144
Chad,TCD,1999,18
Chad,TCD,2001,226
Chad,TCD,2003,7
Chad,TCD,2004,272
Chad,TCD,2005,14
Chad,TCD,2006,71
Chad,TCD,2007,0
Chad,TCD,2009,6
Chad,TCD,2010,175
Chad,TCD,2011,458
Chad,TCD,2017,86
Chad,TCD,2019,4
Chile,CHL,1991,2
Chile,CHL,1992,1
Chile,CHL,1993,0
Chile,CHL,1994,0
Chile,CHL,1996,0
Chile,CHL,1997,0
Chile,CHL,1998,2
Chile,CHL,2011,0
Chile,CHL,2013,0
Chile,CHL,2014,0
China,CHN,1949,1
China,CHN,1962,24
China,CHN,1963,0
China,CHN,1967,0
China,CHN,1979,2
China,CHN,1980,0
China,CHN,1987,0
China,CHN,1988,89
China,CHN,1989,59
China,CHN,1990,5
China,CHN,1991,0
China,CHN,1992,1
China,CHN,1993,94
China,CHN,1994,319
China,CHN,1995,88
China,CHN,1996,4
China,CHN,1997,29
China,CHN,1998,0
China,CHN,1999,0
China,CHN,2000,3
China,CHN,2001,0
China,CHN,2003,1
China,CHN,2004,1
China,CHN,2005,4
China,CHN,2006,2
China,CHN,2007,0
China,CHN,2008,0
China,CHN,2009,0
China,CHN,2010,0
China,CHN,2012,0
China,CHN,2013,1
China,CHN,2014,0
China,CHN,2015,0
China,CHN,2016,0
China,CHN,2017,0
China,CHN,2019,0
China,CHN,2020,0
Colombia,COL,1991,207
Colombia,COL,1992,158
Colombia,COL,1993,0
Colombia,COL,1994,14
Colombia,COL,1995,35
Colombia,COL,1996,70
Colombia,COL,1997,32
Colombia,COL,1998,7
Colombia,COL,1999,0
Colombia,COL,2004,0
Comoros,COM,1975,238
Comoros,COM,1976,1
Comoros,COM,1998,68
Comoros,COM,1999,42
Comoros,COM,2000,91
Comoros,COM,2001,4
Comoros,COM,2002,46
Comoros,COM,2003,0
Comoros,COM,2004,0
Comoros,COM,2005,0
Comoros,COM,2006,0
Comoros,COM,2007,29
Comoros,COM,2008,0
Congo,COG,1978,14
Congo,COG,1979,0
Congo,COG,1997,60
Congo,COG,1998,22
Congo,COG,1999,20
Congo,COG,2000,2
Congo,COG,2005,0
Congo,COG,2006,10
Congo,COG,2007,133
Congo,COG,2008,4
Congo,COG,2009,0
Congo,COG,2012,37
Congo,COG,2013,221
Congo,COG,2016,2
Congo,COG,2018,3
Costa Rica,CRI,1992,0
Costa Rica,CRI,1993,0
Costa Rica,CRI,1994,0
Costa Rica,CRI,1995,0
Costa Rica,CRI,1996,1
Costa Rica,CRI,1997,0
Cote d'Ivoire,CIV,1970,39
Cote d'Ivoire,CIV,1971,9
Cote d'Ivoire,CIV,1979,0
Cote d'Ivoire,CIV,1982,0
Cote d'Ivoire,CIV,1991,116
Cote d'Ivoire,CIV,1992,7
Cote d'Ivoire,CIV,1993,42
Cote d'Ivoire,CIV,1994,55
Cote d'Ivoire,CIV,1995,184
Cote d'Ivoire,CIV,1996,22
Cote d'Ivoire,CIV,2001,305
Cote d'Ivoire,CIV,2002,143
Cote d'Ivoire,CIV,2003,50
Cote d'Ivoire,CIV,2004,9
Cote d'Ivoire,CIV,2005,6
Cote d'Ivoire,CIV,2006,15
Cote d'Ivoire,CIV,2007,1
Cote d'Ivoire,CIV,2008,1
Cote d'Ivoire,CIV,2009,2
Cote d'Ivoire,CIV,2010,0
Cote d'Ivoire,CIV,2011,24
Cote d'Ivoire,CIV,2012,19
Cote d'Ivoire,CIV,2013,2
Cote d'Ivoire,CIV,2014,12
Cote d'Ivoire,CIV,2015,6
Cote d'Ivoire,CIV,2021,0
Cuba,CUB,2012,3
Cuba,CUB,2013,0
Cuba,CUB,2014,0
Cuba,CUB,2015,0
Czechia,CZE,1970,1
Democratic Republic of Congo,COD,1978,183
Democratic Republic of Congo,COD,1979,511
Democratic Republic of Congo,COD,1980,81
Democratic Republic of Congo,COD,1981,800
Democratic Republic of Congo,COD,1982,693
Democratic Republic of Congo,COD,1983,245
Democratic Republic of Congo,COD,1984,3
Democratic Republic of Congo,COD,1985,30
Democratic Republic of Congo,COD,1986,125
Democratic Republic of Congo,COD,1987,218
Democratic Republic of Congo,COD,1988,32
Democratic Republic of Congo,COD,1989,6
Democratic Republic of Congo,COD,1990,61
Democratic Republic of Congo,COD,1991,294
Democratic Republic of Congo,COD,1992,59
Democratic Republic of Congo,COD,1993,175
Democratic Republic of Congo,COD,1994,4181
Democratic Republic of Congo,COD,1995,22
Democratic Republic of Congo,COD,1996,638
Democratic Republic of Congo,COD,1997,326
Democratic Republic of Congo,COD,1998,2926
Democratic Republic of Congo,COD,1999,783
Democratic Republic of Congo,COD,2000,941
Democratic Republic of Congo,COD,2001,390
Democratic Republic of Congo,COD,2002,1979
Democratic Republic of Congo,COD,2003,989
Democratic Republic of Congo,COD,2004,228
Democratic Republic of Congo,COD,2005,244
Democratic Republic of Congo,COD,2006,426
Democratic Republic of Congo,COD,2007,600
Democratic Republic of Congo,COD,2008,548
Democratic Republic of Congo,COD,2009,237
Democratic Republic of Congo,COD,2010,182
Democratic Republic of Congo,COD,2011,584
Democratic Republic of Congo,COD,2012,819
Democratic Republic of Congo,COD,2013,491
Democratic Republic of Congo,COD,2014,372
Democratic Republic of Congo,COD,2015,276
Democratic Republic of Congo,COD,2016,759
Democratic Republic of Congo,COD,2017,1190
Democratic Republic of Congo,COD,2018,972
Democratic Republic of Congo,COD,2019,514
Democratic Republic of Congo,COD,2020,354
Democratic Republic of Congo,COD,2021,209
Denmark,DNK,1990,0
Denmark,DNK,1993,0
Denmark,DNK,1994,0
Denmark,DNK,1995,0
Denmark,DNK,2004,0
Denmark,DNK,2008,0
Denmark,DNK,2016,0
Djibouti,DJI,1970,3
Djibouti,DJI,1971,81
Djibouti,DJI,1972,3
Djibouti,DJI,1976,0
Djibouti,DJI,1977,0
Djibouti,DJI,1978,2
Djibouti,DJI,1985,7
Djibouti,DJI,1993,99
Djibouti,DJI,1994,15
Djibouti,DJI,1997,50
Djibouti,DJI,1998,3
Djibouti,DJI,2000,32
Djibouti,DJI,2007,27
Djibouti,DJI,2010,19
Djibouti,DJI,2011,1
Dominican Republic,DOM,2010,0
Dominican Republic,DOM,2011,336
Dominican Republic,DOM,2012,68
Dominican Republic,DOM,2013,42
Dominican Republic,DOM,2014,11
Dominican Republic,DOM,2015,15
Dominican Republic,DOM,2016,27
Dominican Republic,DOM,2017,4
Dominican Republic,DOM,2018,1
Dominican Republic,DOM,2019,0
Ecuador,ECU,1991,697
Ecuador,ECU,1992,208
Ecuador,ECU,1993,72
Ecuador,ECU,1994,16
Ecuador,ECU,1995,23
Ecuador,ECU,1996,12
Ecuador,ECU,1997,3
Ecuador,ECU,1998,37
Ecuador,ECU,1999,0
Ecuador,ECU,2000,1
Ecuador,ECU,2001,0
Ecuador,ECU,2004,0
El Salvador,SLV,1991,34
El Salvador,SLV,1992,45
El Salvador,SLV,1993,14
El Salvador,SLV,1994,38
El Salvador,SLV,1995,2
El Salvador,SLV,1996,2
El Salvador,SLV,1998,0
El Salvador,SLV,1999,0
El Salvador,SLV,2000,2
Equatorial Guinea,GNQ,1984,31
Equatorial Guinea,GNQ,1985,1
Equatorial Guinea,GNQ,2004,1
Equatorial Guinea,GNQ,2005,33
Equatorial Guinea,GNQ,2006,0
Eritrea,ERI,2005,0
Eritrea,ERI,2006,0
Eritrea,ERI,2007,9
Eritrea,ERI,2008,0
Estonia,EST,1993,0
Eswatini,SWZ,1981,17
Eswatini,SWZ,1982,13
Eswatini,SWZ,1992,30
Eswatini,SWZ,1996,0
Eswatini,SWZ,1998,0
Eswatini,SWZ,1999,0
Eswatini,SWZ,2000,16
Eswatini,SWZ,2001,107
Eswatini,SWZ,2002,2
Eswatini,SWZ,2003,13
Eswatini,SWZ,2004,16
Eswatini,SWZ,2005,0
Eswatini,SWZ,2006,0
Eswatini,SWZ,2007,0
Eswatini,SWZ,2008,0
Eswatini,SWZ,2009,0
Ethiopia,ETH,1970,72
Ethiopia,ETH,1971,124
Ethiopia,ETH,1979,0
Ethiopia,ETH,1982,0
Ethiopia,ETH,2004,0
Ethiopia,ETH,2005,0
Ethiopia,ETH,2006,575
Ethiopia,ETH,2007,272
Ethiopia,ETH,2008,23
Ethiopia,ETH,2009,434
Ethiopia,ETH,2010,21
Ethiopia,ETH,2019,36
Ethiopia,ETH,2020,176
Ethiopia,ETH,2021,7
Europe,,1970,1
Europe,,1971,4
Europe,,1972,0
Europe,,1973,23
Europe,,1974,48
Europe,,1975,8
Europe,,1976,2
Europe,,1977,0
Europe,,1978,0
Europe,,1979,8
Europe,,1980,0
Europe,,1982,0
Europe,,1983,0
Europe,,1984,0
Europe,,1985,1
Europe,,1986,0
Europe,,1987,0
Europe,,1988,0
Europe,,1989,0
Europe,,1990,2
Europe,,1991,9
Europe,,1993,2
Europe,,1994,73
Europe,,1995,18
Europe,,1996,1
Europe,,1997,0
Europe,,1999,0
Europe,,2004,0
Europe,,2005,0
Europe,,2006,0
Europe,,2007,0
Europe,,2008,0
Europe,,2009,0
Europe,,2010,1
Europe,,2011,0
Europe,,2012,0
Europe,,2013,0
Europe,,2014,0
Europe,,2015,0
Finland,FIN,1995,0
Finland,FIN,2005,0
Finland,FIN,2008,0
France,FRA,1970,0
France,FRA,1971,0
France,FRA,1973,0
France,FRA,1974,0
France,FRA,1975,0
France,FRA,1976,0
France,FRA,1979,0
France,FRA,1980,0
France,FRA,1982,0
France,FRA,1983,0
France,FRA,1984,0
France,FRA,1986,0
France,FRA,1987,0
France,FRA,1990,1
France,FRA,1991,0
France,FRA,1993,0
France,FRA,1994,0
France,FRA,1995,0
France,FRA,1996,0
France,FRA,1997,0
France,FRA,1998,0
France,FRA,2000,0
France,FRA,2006,0
France,FRA,2007,0
France,FRA,2008,0
France,FRA,2009,0
France,FRA,2011,0
France,FRA,2014,0
France,FRA,2015,0
Gabon,GAB,1979,2
Gabon,GAB,1981,0
Gabon,GAB,2003,0
Gabon,GAB,2005,0
Gabon,GAB,2006,0
Gabon,GAB,2008,0
Gambia,GMB,1985,0
Gambia,GMB,1994,0
Gambia,GMB,1995,0
Gambia,GMB,1996,0
Gambia,GMB,2005,13
Gambia,GMB,2006,0
Gambia,GMB,2007,1
Gambia,GMB,2008,0
Georgia,GEO,1993,0
Germany,DEU,1971,0
Germany,DEU,1972,0
Germany,DEU,1973,0
Germany,DEU,1974,0
Germany,DEU,1976,0
Germany,DEU,1977,0
Germany,DEU,1980,0
Germany,DEU,1981,0
Germany,DEU,1982,0
Germany,DEU,1986,0
Germany,DEU,1988,0
Germany,DEU,1989,0
Germany,DEU,1990,0
Germany,DEU,1992,0
Germany,DEU,1993,0
Germany,DEU,1994,0
Germany,DEU,1995,0
Germany,DEU,1997,0
Germany,DEU,1999,0
Germany,DEU,2004,0
Germany,DEU,2006,0
Germany,DEU,2007,0
Germany,DEU,2010,1
Germany,DEU,2011,0
Germany,DEU,2014,0
Ghana,GHA,1970,180
Ghana,GHA,1971,641
Ghana,GHA,1972,32
Ghana,GHA,1973,39
Ghana,GHA,1974,37
Ghana,GHA,1975,10
Ghana,GHA,1976,0
Ghana,GHA,1977,353
Ghana,GHA,1978,120
Ghana,GHA,1979,113
Ghana,GHA,1980,21
Ghana,GHA,1981,62
Ghana,GHA,1982,1225
Ghana,GHA,1983,819
Ghana,GHA,1984,92
Ghana,GHA,1985,0
Ghana,GHA,1990,60
Ghana,GHA,1991,409
Ghana,GHA,1992,23
Ghana,GHA,1993,38
Ghana,GHA,1994,54
Ghana,GHA,1995,93
Ghana,GHA,1996,70
Ghana,GHA,1997,12
Ghana,GHA,1998,108
Ghana,GHA,1999,260
Ghana,GHA,2000,74
Ghana,GHA,2001,160
Ghana,GHA,2002,65
Ghana,GHA,2003,4
Ghana,GHA,2004,6
Ghana,GHA,2005,51
Ghana,GHA,2006,107
Ghana,GHA,2007,18
Ghana,GHA,2008,25
Ghana,GHA,2009,9
Ghana,GHA,2010,3
Ghana,GHA,2011,105
Ghana,GHA,2012,100
Ghana,GHA,2013,0
Ghana,GHA,2014,243
Ghana,GHA,2015,8
Ghana,GHA,2016,0
Ghana,GHA,2019,0
Ghana,GHA,2021,0
Greece,GRC,1981,0
Greece,GRC,1986,0
Greece,GRC,1993,0
Guatemala,GTM,1991,50
Guatemala,GTM,1992,207
Guatemala,GTM,1993,306
Guatemala,GTM,1994,36
Guatemala,GTM,1995,95
Guatemala,GTM,1996,14
Guatemala,GTM,1997,0
Guatemala,GTM,1998,57
Guatemala,GTM,1999,0
Guatemala,GTM,2000,6
Guatemala,GTM,2001,0
Guatemala,GTM,2002,0
Guinea,GIN,1970,60
Guinea,GIN,1986,58
Guinea,GIN,1994,671
Guinea,GIN,1995,565
Guinea,GIN,1996,17
Guinea,GIN,1998,53
Guinea,GIN,1999,28
Guinea,GIN,2000,32
Guinea,GIN,2001,22
Guinea,GIN,2002,11
Guinea,GIN,2003,1
Guinea,GIN,2004,117
Guinea,GIN,2005,107
Guinea,GIN,2006,219
Guinea,GIN,2007,311
Guinea,GIN,2008,32
Guinea,GIN,2009,0
Guinea,GIN,2011,0
Guinea,GIN,2012,133
Guinea,GIN,2013,32
Guinea,GIN,2014,0
Guinea-Bissau,GNB,1986,50
Guinea-Bissau,GNB,1987,68
Guinea-Bissau,GNB,1994,285
Guinea-Bissau,GNB,1995,0
Guinea-Bissau,GNB,1996,84
Guinea-Bissau,GNB,1997,905
Guinea-Bissau,GNB,1998,2
Guinea-Bissau,GNB,2002,6
Guinea-Bissau,GNB,2003,2
Guinea-Bissau,GNB,2004,3
Guinea-Bissau,GNB,2005,399
Guinea-Bissau,GNB,2006,0
Guinea-Bissau,GNB,2007,8
Guinea-Bissau,GNB,2008,225
Guinea-Bissau,GNB,2009,0
Guinea-Bissau,GNB,2012,22
Guinea-Bissau,GNB,2013,28
Guinea-Bissau,GNB,2014,2
Guyana,GUY,1992,8
Guyana,GUY,1993,2
Haiti,HTI,2010,3990
Haiti,HTI,2011,2869
Haiti,HTI,2012,894
Haiti,HTI,2013,593
Haiti,HTI,2014,296
Haiti,HTI,2015,322
Haiti,HTI,2016,447
Haiti,HTI,2017,159
Haiti,HTI,2018,41
Haiti,HTI,2019,3
Honduras,HND,1991,0
Honduras,HND,1992,17
Honduras,HND,1993,102
Honduras,HND,1994,102
Honduras,HND,1995,77
Honduras,HND,1996,14
Honduras,HND,1997,1
Honduras,HND,1998,13
Honduras,HND,1999,3
Honduras,HND,2000,0
Honduras,HND,2001,0
Hungary,HUN,1997,0
India,IND,1950,396
India,IND,1951,41543
India,IND,1952,58252
India,IND,1953,124227
India,IND,1954,19368
India,IND,1955,7662
India,IND,1956,17206
India,IND,1957,49715
India,IND,1958,49818
India,IND,1959,7696
India,IND,1961,26946
India,IND,1962,27141
India,IND,1963,16357
India,IND,1964,17035
India,IND,1965,12664
India,IND,1966,2799
India,IND,1970,3420
India,IND,1971,10478
India,IND,1972,2845
India,IND,1973,5406
India,IND,1974,2289
India,IND,1975,2330
India,IND,1976,662
India,IND,1977,289
India,IND,1978,246
India,IND,1979,113
India,IND,1980,307
India,IND,1981,150
India,IND,1982,213
India,IND,1983,309
India,IND,1984,27
India,IND,1985,155
India,IND,1986,70
India,IND,1987,240
India,IND,1988,380
India,IND,1989,93
India,IND,1990,83
India,IND,1991,149
India,IND,1992,55
India,IND,1993,51
India,IND,1994,32
India,IND,1995,5
India,IND,1996,34
India,IND,1997,16
India,IND,1998,11
India,IND,1999,6
India,IND,2000,20
India,IND,2001,6
India,IND,2002,10
India,IND,2003,2
India,IND,2004,7
India,IND,2005,6
India,IND,2006,3
India,IND,2007,3
India,IND,2008,1
India,IND,2010,9
India,IND,2013,54
India,IND,2014,21
India,IND,2015,4
India,IND,2016,3
India,IND,2017,3
India,IND,2018,0
Indonesia,IDN,1960,22
Indonesia,IDN,1961,474
Indonesia,IDN,1962,80
Indonesia,IDN,1963,83
Indonesia,IDN,1964,69
Indonesia,IDN,1966,36
Indonesia,IDN,1967,139
Indonesia,IDN,1968,22
Indonesia,IDN,1969,262
Indonesia,IDN,1970,1257
Indonesia,IDN,1971,3607
Indonesia,IDN,1972,6956
Indonesia,IDN,1973,3058
Indonesia,IDN,1974,3920
Indonesia,IDN,1975,3715
Indonesia,IDN,1976,2665
Indonesia,IDN,1977,780
Indonesia,IDN,1978,507
Indonesia,IDN,1979,769
Indonesia,IDN,1980,150
Indonesia,IDN,1981,463
Indonesia,IDN,1982,535
Indonesia,IDN,1983,346
Indonesia,IDN,1984,59
Indonesia,IDN,1985,85
Indonesia,IDN,1986,391
Indonesia,IDN,1987,18
Indonesia,IDN,1988,0
Indonesia,IDN,1989,0
Indonesia,IDN,1990,0
Indonesia,IDN,1991,55
Indonesia,IDN,1992,0
Indonesia,IDN,1993,25
Indonesia,IDN,1994,0
Indonesia,IDN,1996,0
Indonesia,IDN,1997,0
Indonesia,IDN,2001,6
Indonesia,IDN,2005,19
Indonesia,IDN,2008,27
Iran,IRN,1979,56
Iran,IRN,1980,32
Iran,IRN,1981,108
Iran,IRN,1982,0
Iran,IRN,1983,0
Iran,IRN,1984,5
Iran,IRN,1985,9
Iran,IRN,1986,1
Iran,IRN,1987,4
Iran,IRN,1988,15
Iran,IRN,1989,85
Iran,IRN,1990,3
Iran,IRN,1991,32
Iran,IRN,1992,4
Iran,IRN,1993,5
Iran,IRN,1994,0
Iran,IRN,1995,59
Iran,IRN,1997,9
Iran,IRN,1998,1
Iran,IRN,1999,21
Iran,IRN,2000,3
Iran,IRN,2003,0
Iran,IRN,2004,1
Iran,IRN,2005,11
Iran,IRN,2007,0
Iran,IRN,2008,4
Iran,IRN,2011,12
Iran,IRN,2012,0
Iran,IRN,2013,7
Iran,IRN,2015,1
Iran,IRN,2018,0
Iran,IRN,2019,0
Iran,IRN,2020,0
Iraq,IRQ,1966,20
Iraq,IRQ,1977,1
Iraq,IRQ,1978,0
Iraq,IRQ,1991,6
Iraq,IRQ,1992,0
Iraq,IRQ,1993,0
Iraq,IRQ,1994,0
Iraq,IRQ,1995,3
Iraq,IRQ,1996,0
Iraq,IRQ,1998,1
Iraq,IRQ,1999,30
Iraq,IRQ,2000,4
Iraq,IRQ,2003,0
Iraq,IRQ,2004,0
Iraq,IRQ,2007,24
Iraq,IRQ,2008,11
Iraq,IRQ,2009,0
Iraq,IRQ,2010,0
Iraq,IRQ,2012,4
Iraq,IRQ,2013,0
Iraq,IRQ,2015,2
Iraq,IRQ,2016,0
Iraq,IRQ,2018,0
Iraq,IRQ,2020,0
Israel,ISR,1970,10
Israel,ISR,1971,0
Israel,ISR,1972,0
Israel,ISR,1982,0
Israel,ISR,1987,0
Israel,ISR,1988,0
Israel,ISR,2013,0
Italy,ITA,1973,23
Italy,ITA,1975,0
Italy,ITA,1977,0
Italy,ITA,1979,0
Italy,ITA,1994,9
Italy,ITA,1995,0
Italy,ITA,1998,9
Italy,ITA,2006,0
Italy,ITA,2007,0
Italy,ITA,2013,0
Japan,JPN,1963,0
Japan,JPN,1964,1
Japan,JPN,1975,0
Japan,JPN,1976,0
Japan,JPN,1977,1
Japan,JPN,1978,1
Japan,JPN,1979,0
Japan,JPN,1980,0
Japan,JPN,1981,0
Japan,JPN,1982,0
Japan,JPN,1983,0
Japan,JPN,1984,0
Japan,JPN,1985,0
Japan,JPN,1986,0
Japan,JPN,1987,0
Japan,JPN,1988,0
Japan,JPN,1989,0
Japan,JPN,1990,0
Japan,JPN,1991,1
Japan,JPN,1992,0
Japan,JPN,1993,0
Japan,JPN,1994,0
Japan,JPN,1995,1
Japan,JPN,1996,0
Japan,JPN,1997,0
Japan,JPN,1998,0
Japan,JPN,1999,0
Japan,JPN,2000,0
Japan,JPN,2002,0
Japan,JPN,2003,0
Japan,JPN,2004,0
Japan,JPN,2005,0
Japan,JPN,2006,0
Japan,JPN,2007,0
Japan,JPN,2012,0
Japan,JPN,2013,0
Japan,JPN,2014,0
Japan,JPN,2016,0
Japan,JPN,2017,0
Japan,JPN,2018,0
Japan,JPN,2019,0
Japan,JPN,2020,0
Jordan,JOR,1970,0
Jordan,JOR,1976,0
Jordan,JOR,1977,1
Jordan,JOR,1979,0
Jordan,JOR,1981,4
Jordan,JOR,1990,0
Kazakhstan,KAZ,1993,0
Kazakhstan,KAZ,1994,0
Kazakhstan,KAZ,1995,0
Kazakhstan,KAZ,1997,0
Kazakhstan,KAZ,2008,0
Kenya,KEN,1971,38
Kenya,KEN,1972,0
Kenya,KEN,1974,20
Kenya,KEN,1975,74
Kenya,KEN,1976,59
Kenya,KEN,1977,0
Kenya,KEN,1978,17
Kenya,KEN,1979,2
Kenya,KEN,1980,42
Kenya,KEN,1981,108
Kenya,KEN,1982,91
Kenya,KEN,1983,53
Kenya,KEN,1984,0
Kenya,KEN,1985,102
Kenya,KEN,1986,45
Kenya,KEN,1987,12
Kenya,KEN,1989,32
Kenya,KEN,1992,100
Kenya,KEN,1994,28
Kenya,KEN,1995,39
Kenya,KEN,1996,14
Kenya,KEN,1997,555
Kenya,KEN,1998,1237
Kenya,KEN,1999,350
Kenya,KEN,2000,78
Kenya,KEN,2001,55
Kenya,KEN,2002,10
Kenya,KEN,2004,15
Kenya,KEN,2005,21
Kenya,KEN,2006,11
Kenya,KEN,2007,67
Kenya,KEN,2008,113
Kenya,KEN,2009,264
Kenya,KEN,2010,63
Kenya,KEN,2011,2
Kenya,KEN,2014,9
Kenya,KEN,2015,67
Kenya,KEN,2016,80
Kenya,KEN,2017,82
Kenya,KEN,2018,78
Kenya,KEN,2019,141
Kenya,KEN,2020,12
Kenya,KEN,2021,0
Kiribati,KIR,1977,21
Kiribati,KIR,1978,0
Kuwait,KWT,1970,0
Kuwait,KWT,1975,1
Kuwait,KWT,1976,0
Kuwait,KWT,1977,0
Kuwait,KWT,1978,0
Kuwait,KWT,1979,0
Kuwait,KWT,1981,0
Kuwait,KWT,1985,0
Kuwait,KWT,1986,0
Kuwait,KWT,1989,0
Kuwait,KWT,1993,0
Kuwait,KWT,2015,0
Kyrgyzstan,KGZ,1994,0
Laos,LAO,1953,18
Laos,LAO,1969,21
Laos,LAO,1993,255
Laos,LAO,1994,606
Laos,LAO,1995,174
Laos,LAO,1996,33
Laos,LAO,2007,3
Laos,LAO,2008,0
Laos,LAO,2010,4
Lebanon,LBN,1970,1
Lebanon,LBN,1977,0
Lebanon,LBN,1993,23
Lebanon,LBN,2005,0
Lesotho,LSO,2005,0
Lesotho,LSO,2006,0
Liberia,LBR,1970,27
Liberia,LBR,1971,106
Liberia,LBR,1972,28
Liberia,LBR,1973,27
Liberia,LBR,1974,12
Liberia,LBR,1975,16
Liberia,LBR,1976,10
Liberia,LBR,1977,18
Liberia,LBR,1978,9
Liberia,LBR,1979,6
Liberia,LBR,1980,55
Liberia,LBR,1981,33
Liberia,LBR,1982,8
Liberia,LBR,1983,12
Liberia,LBR,1984,8
Liberia,LBR,1985,3
Liberia,LBR,1986,0
Liberia,LBR,1987,1
Liberia,LBR,1988,1
Liberia,LBR,1989,0
Liberia,LBR,1991,40
Liberia,LBR,1994,17
Liberia,LBR,1995,126
Liberia,LBR,1996,169
Liberia,LBR,1997,0
Liberia,LBR,1998,17
Liberia,LBR,1999,0
Liberia,LBR,2000,10
Liberia,LBR,2001,0
Liberia,LBR,2002,0
Liberia,LBR,2003,38
Liberia,LBR,2004,4
Liberia,LBR,2005,18
Liberia,LBR,2006,17
Liberia,LBR,2007,7
Liberia,LBR,2008,3
Liberia,LBR,2009,2
Liberia,LBR,2010,0
Liberia,LBR,2012,0
Liberia,LBR,2013,0
Liberia,LBR,2014,0
Liberia,LBR,2018,0
Liberia,LBR,2021,0
Libya,LBY,1970,28
Libya,LBY,1995,2
Madagascar,MDG,1971,0
Madagascar,MDG,1996,0
Madagascar,MDG,1999,549
Madagascar,MDG,2000,1672
Madagascar,MDG,2001,413
Madagascar,MDG,2002,0
Madagascar,MDG,2003,0
Madagascar,MDG,2005,0
Madagascar,MDG,2006,0
Malawi,MWI,1973,20
Malawi,MWI,1976,0
Malawi,MWI,1977,0
Malawi,MWI,1978,24
Malawi,MWI,1981,0
Malawi,MWI,1983,49
Malawi,MWI,1988,0
Malawi,MWI,1989,16
Malawi,MWI,1990,481
Malawi,MWI,1991,245
Malawi,MWI,1992,8
Malawi,MWI,1993,524
Malawi,MWI,1994,11
Malawi,MWI,1995,0
Malawi,MWI,1996,0
Malawi,MWI,1997,15
Malawi,MWI,1998,74
Malawi,MWI,1999,648
Malawi,MWI,2000,56
Malawi,MWI,2001,42
Malawi,MWI,2002,911
Malawi,MWI,2003,34
Malawi,MWI,2004,4
Malawi,MWI,2005,11
Malawi,MWI,2006,55
Malawi,MWI,2007,5
Malawi,MWI,2008,26
Malawi,MWI,2009,125
Malawi,MWI,2010,17
Malawi,MWI,2011,4
Malawi,MWI,2012,2
Malawi,MWI,2015,11
Malawi,MWI,2016,46
Malawi,MWI,2017,5
Malawi,MWI,2018,27
Malawi,MWI,2019,0
Malawi,MWI,2020,0
Malawi,MWI,2021,0
Malaysia,MYS,1954,0
Malaysia,MYS,1963,24
Malaysia,MYS,1964,143
Malaysia,MYS,1965,1
Malaysia,MYS,1966,0
Malaysia,MYS,1968,3
Malaysia,MYS,1970,3
Malaysia,MYS,1971,1
Malaysia,MYS,1972,11
Malaysia,MYS,1973,17
Malaysia,MYS,1974,0
Malaysia,MYS,1975,8
Malaysia,MYS,1976,4
Malaysia,MYS,1977,12
Malaysia,MYS,1978,64
Malaysia,MYS,1979,10
Malaysia,MYS,1980,7
Malaysia,MYS,1981,14
Malaysia,MYS,1982,17
Malaysia,MYS,1983,38
Malaysia,MYS,1984,1
Malaysia,MYS,1985,2
Malaysia,MYS,1986,2
Malaysia,MYS,1987,18
Malaysia,MYS,1988,32
Malaysia,MYS,1989,14
Malaysia,MYS,1990,38
Malaysia,MYS,1991,6
Malaysia,MYS,1992,8
Malaysia,MYS,1993,13
Malaysia,MYS,1994,0
Malaysia,MYS,1995,27
Malaysia,MYS,1996,0
Malaysia,MYS,1997,4
Malaysia,MYS,1998,19
Malaysia,MYS,1999,0
Malaysia,MYS,2000,1
Malaysia,MYS,2001,11
Malaysia,MYS,2004,0
Malaysia,MYS,2006,2
Malaysia,MYS,2007,0
Malaysia,MYS,2009,1
Malaysia,MYS,2010,6
Malaysia,MYS,2011,10
Malaysia,MYS,2012,1
Malaysia,MYS,2013,1
Malaysia,MYS,2014,1
Malaysia,MYS,2015,2
Malaysia,MYS,2017,0
Malaysia,MYS,2018,1
Malaysia,MYS,2019,2
Maldives,MDV,1978,220
Mali,MLI,1970,201
Mali,MLI,1971,1321
Mali,MLI,1972,0
Mali,MLI,1973,32
Mali,MLI,1974,21
Mali,MLI,1984,406
Mali,MLI,1985,838
Mali,MLI,1986,151
Mali,MLI,1987,84
Mali,MLI,1995,231
Mali,MLI,1996,761
Mali,MLI,1997,3
Mali,MLI,1999,3
Mali,MLI,2000,51
Mali,MLI,2001,9
Mali,MLI,2002,2
Mali,MLI,2003,119
Mali,MLI,2004,205
Mali,MLI,2005,76
Mali,MLI,2006,0
Mali,MLI,2008,5
Mali,MLI,2011,95
Mali,MLI,2012,19
Mali,MLI,2013,2
Mali,MLI,2021,4
Marshall Islands,MHL,2000,6
Mauritania,MRT,1971,53
Mauritania,MRT,1972,24
Mauritania,MRT,1973,22
Mauritania,MRT,1984,15
Mauritania,MRT,1985,20
Mauritania,MRT,1986,113
Mauritania,MRT,1987,101
Mauritania,MRT,1988,38
Mauritania,MRT,1989,27
Mauritania,MRT,1996,148
Mauritania,MRT,1997,7
Mauritania,MRT,2002,0
Mauritania,MRT,2003,8
Mauritania,MRT,2005,70
Mauritania,MRT,2006,0
Mauritania,MRT,2007,0
Mauritania,MRT,2011,3
Mauritius,MUS,2005,0
Mauritius,MUS,2006,0
Mexico,MEX,1991,34
Mexico,MEX,1992,99
Mexico,MEX,1993,193
Mexico,MEX,1994,56
Mexico,MEX,1995,137
Mexico,MEX,1996,5
Mexico,MEX,1997,1
Mexico,MEX,1998,0
Mexico,MEX,2000,0
Mexico,MEX,2001,0
Mexico,MEX,2008,0
Mexico,MEX,2010,0
Mexico,MEX,2011,0
Mexico,MEX,2012,0
Mexico,MEX,2013,1
Mexico,MEX,2014,0
Mexico,MEX,2015,0
Mexico,MEX,2018,0
Micronesia (country),FSM,1990,1
Micronesia (country),FSM,1996,0
Micronesia (country),FSM,2000,20
Micronesia (country),FSM,2001,0
Micronesia (country),FSM,2005,0
Moldova,MDA,1993,0
Moldova,MDA,1994,0
Moldova,MDA,1995,5
Mongolia,MNG,1996,12
Mongolia,MNG,2005,0
Morocco,MAR,1971,0
Morocco,MAR,1972,0
Morocco,MAR,1976,0
Morocco,MAR,1990,137
Morocco,MAR,1994,0
Mozambique,MOZ,1973,87
Mozambique,MOZ,1974,138
Mozambique,MOZ,1975,3
Mozambique,MOZ,1976,2
Mozambique,MOZ,1977,3
Mozambique,MOZ,1979,547
Mozambique,MOZ,1980,85
Mozambique,MOZ,1981,132
Mozambique,MOZ,1982,199
Mozambique,MOZ,1983,447
Mozambique,MOZ,1984,11
Mozambique,MOZ,1985,0
Mozambique,MOZ,1986,0
Mozambique,MOZ,1989,12
Mozambique,MOZ,1990,194
Mozambique,MOZ,1991,328
Mozambique,MOZ,1992,727
Mozambique,MOZ,1993,507
Mozambique,MOZ,1994,27
Mozambique,MOZ,1996,0
Mozambique,MOZ,1997,259
Mozambique,MOZ,1998,1353
Mozambique,MOZ,1999,1194
Mozambique,MOZ,2000,238
Mozambique,MOZ,2001,102
Mozambique,MOZ,2002,342
Mozambique,MOZ,2003,102
Mozambique,MOZ,2004,110
Mozambique,MOZ,2005,24
Mozambique,MOZ,2006,29
Mozambique,MOZ,2007,22
Mozambique,MOZ,2008,102
Mozambique,MOZ,2009,155
Mozambique,MOZ,2010,117
Mozambique,MOZ,2011,5
Mozambique,MOZ,2012,7
Mozambique,MOZ,2013,19
Mozambique,MOZ,2014,1
Mozambique,MOZ,2015,64
Mozambique,MOZ,2016,2
Mozambique,MOZ,2017,10
Mozambique,MOZ,2018,0
Mozambique,MOZ,2019,8
Mozambique,MOZ,2020,4
Mozambique,MOZ,2021,21
Myanmar,MMR,1950,2785
Myanmar,MMR,1951,4685
Myanmar,MMR,1952,245
Myanmar,MMR,1953,9
Myanmar,MMR,1954,19
Myanmar,MMR,1955,12
Myanmar,MMR,1956,6
Myanmar,MMR,1957,3
Myanmar,MMR,1958,3
Myanmar,MMR,1959,2
Myanmar,MMR,1960,200
Myanmar,MMR,1961,0
Myanmar,MMR,1962,0
Myanmar,MMR,1963,783
Myanmar,MMR,1964,171
Myanmar,MMR,1965,8
Myanmar,MMR,1966,17
Myanmar,MMR,1967,0
Myanmar,MMR,1968,0
Myanmar,MMR,1969,34
Myanmar,MMR,1970,76
Myanmar,MMR,1971,42
Myanmar,MMR,1972,7
Myanmar,MMR,1973,24
Myanmar,MMR,1974,203
Myanmar,MMR,1975,172
Myanmar,MMR,1976,173
Myanmar,MMR,1978,372
Myanmar,MMR,1979,75
Myanmar,MMR,1980,50
Myanmar,MMR,1981,3
Myanmar,MMR,1983,29
Myanmar,MMR,1989,11
Myanmar,MMR,1991,39
Myanmar,MMR,1992,50
Myanmar,MMR,1993,52
Myanmar,MMR,1994,4
Myanmar,MMR,1995,6
Myanmar,MMR,2008,1
Myanmar,MMR,2012,0
Myanmar,MMR,2013,0
Myanmar,MMR,2015,12
Myanmar,MMR,2016,11
Namibia,NAM,2005,0
Namibia,NAM,2006,5
Namibia,NAM,2007,0
Namibia,NAM,2008,38
Namibia,NAM,2009,3
Namibia,NAM,2013,0
Namibia,NAM,2014,13
Nauru,NRU,1978,0
Nauru,NRU,1979,0
Nepal,NPL,1958,384
Nepal,NPL,1965,97
Nepal,NPL,1966,0
Nepal,NPL,1968,17
Nepal,NPL,1969,6
Nepal,NPL,1970,1
Nepal,NPL,1971,0
Nepal,NPL,1972,0
Nepal,NPL,1973,0
Nepal,NPL,1974,0
Nepal,NPL,1975,0
Nepal,NPL,1976,1
Nepal,NPL,1977,4
Nepal,NPL,1978,10
Nepal,NPL,1979,0
Nepal,NPL,1980,0
Nepal,NPL,1981,0
Nepal,NPL,1989,2
Nepal,NPL,1990,495
Nepal,NPL,1991,873
Nepal,NPL,1992,15
Nepal,NPL,1993,0
Nepal,NPL,1994,0
Nepal,NPL,1995,0
Nepal,NPL,1996,1
Nepal,NPL,1997,0
Nepal,NPL,1998,17
Nepal,NPL,2007,0
Nepal,NPL,2009,0
Nepal,NPL,2010,9
Nepal,NPL,2012,0
Nepal,NPL,2014,2
Nepal,NPL,2015,0
Nepal,NPL,2016,0
Nepal,NPL,2017,0
Nepal,NPL,2018,0
Nepal,NPL,2021,7
Netherlands,NLD,1976,1
Netherlands,NLD,1977,0
Netherlands,NLD,1978,0
Netherlands,NLD,1979,0
Netherlands,NLD,1983,0
Netherlands,NLD,1988,0
Netherlands,NLD,1990,0
Netherlands,NLD,1993,0
Netherlands,NLD,1994,0
Netherlands,NLD,1995,0
Netherlands,NLD,1996,0
Netherlands,NLD,1997,0
Netherlands,NLD,1998,0
Netherlands,NLD,1999,0
Netherlands,NLD,2004,0
Netherlands,NLD,2005,0
Netherlands,NLD,2006,0
Netherlands,NLD,2008,0
Netherlands,NLD,2016,0
New Zealand,NZL,1972,1
New Zealand,NZL,1987,0
New Zealand,NZL,1990,0
New Zealand,NZL,1994,0
New Zealand,NZL,1995,0
New Zealand,NZL,1998,0
New Zealand,NZL,1999,0
New Zealand,NZL,2005,0
New Zealand,NZL,2018,0
Nicaragua,NIC,1991,0
Nicaragua,NIC,1992,46
Nicaragua,NIC,1993,220
Nicaragua,NIC,1994,134
Nicaragua,NIC,1995,164
Nicaragua,NIC,1996,107
Nicaragua,NIC,1997,36
Nicaragua,NIC,1998,29
Nicaragua,NIC,1999,7
Nicaragua,NIC,2000,0
Niger,NER,1970,8
Niger,NER,1971,2344
Niger,NER,1972,12
Niger,NER,1973,16
Niger,NER,1974,75
Niger,NER,1981,0
Niger,NER,1984,308
Niger,NER,1989,22
Niger,NER,1991,367
Niger,NER,1994,83
Niger,NER,1995,15
Niger,NER,1996,206
Niger,NER,1997,13
Niger,NER,1999,85
Niger,NER,2000,38
Niger,NER,2001,1
Niger,NER,2002,12
Niger,NER,2003,11
Niger,NER,2004,57
Niger,NER,2005,55
Niger,NER,2006,81
Niger,NER,2007,2
Niger,NER,2008,70
Niger,NER,2010,66
Niger,NER,2011,60
Niger,NER,2012,110
Niger,NER,2013,13
Niger,NER,2014,80
Niger,NER,2015,4
Niger,NER,2016,6
Niger,NER,2018,78
Niger,NER,2021,166
Nigeria,NGA,1970,4
Nigeria,NGA,1971,2945
Nigeria,NGA,1972,96
Nigeria,NGA,1973,27
Nigeria,NGA,1975,1
Nigeria,NGA,1976,25
Nigeria,NGA,1977,10
Nigeria,NGA,1978,20
Nigeria,NGA,1979,4
Nigeria,NGA,1980,25
Nigeria,NGA,1981,18
Nigeria,NGA,1982,18
Nigeria,NGA,1983,2
Nigeria,NGA,1984,185
Nigeria,NGA,1985,0
Nigeria,NGA,1986,23
Nigeria,NGA,1987,111
Nigeria,NGA,1988,10
Nigeria,NGA,1989,61
Nigeria,NGA,1991,7654
Nigeria,NGA,1992,686
Nigeria,NGA,1993,266
Nigeria,NGA,1994,313
Nigeria,NGA,1995,87
Nigeria,NGA,1996,1193
Nigeria,NGA,1997,134
Nigeria,NGA,1998,187
Nigeria,NGA,1999,2085
Nigeria,NGA,2000,43
Nigeria,NGA,2001,119
Nigeria,NGA,2002,154
Nigeria,NGA,2003,87
Nigeria,NGA,2004,185
Nigeria,NGA,2005,174
Nigeria,NGA,2006,127
Nigeria,NGA,2007,48
Nigeria,NGA,2008,247
Nigeria,NGA,2009,431
Nigeria,NGA,2010,1712
Nigeria,NGA,2011,742
Nigeria,NGA,2012,18
Nigeria,NGA,2013,229
Nigeria,NGA,2014,755
Nigeria,NGA,2015,186
Nigeria,NGA,2016,32
Nigeria,NGA,2017,288
Nigeria,NGA,2018,836
Nigeria,NGA,2019,43
Nigeria,NGA,2020,47
Nigeria,NGA,2021,3604
North America,,1987,0
North America,,1988,0
North America,,1989,0
North America,,1990,0
North America,,1991,147
North America,,1992,468
North America,,1993,843
North America,,1994,367
North America,,1995,476
North America,,1996,143
North America,,1997,38
North America,,1998,100
North America,,1999,10
North America,,2000,8
North America,,2001,0
North America,,2002,0
North America,,2003,0
North America,,2004,0
North America,,2005,0
North America,,2006,0
North America,,2007,0
North America,,2008,0
North America,,2009,0
North America,,2010,3990
North America,,2011,3205
North America,,2012,965
North America,,2013,636
North America,,2014,307
North America,,2015,337
North America,,2016,474
North America,,2017,163
North America,,2018,42
North America,,2019,3
North America,,2020,0
North Korea,PRK,1980,0
Norway,NOR,1981,0
Norway,NOR,1987,0
Norway,NOR,1989,0
Norway,NOR,1995,0
Norway,NOR,1998,0
Norway,NOR,2005,0
Norway,NOR,2006,0
Norway,NOR,2007,0
Norway,NOR,2015,0
Oceania,,1962,464
Oceania,,1969,0
Oceania,,1972,1
Oceania,,1977,21
Oceania,,1978,0
Oceania,,1979,0
Oceania,,1980,0
Oceania,,1981,0
Oceania,,1982,0
Oceania,,1983,0
Oceania,,1984,0
Oceania,,1985,0
Oceania,,1987,0
Oceania,,1988,0
Oceania,,1990,1
Oceania,,1992,8
Oceania,,1993,0
Oceania,,1994,0
Oceania,,1995,0
Oceania,,1996,0
Oceania,,1997,0
Oceania,,1998,0
Oceania,,1999,0
Oceania,,2000,26
Oceania,,2001,2
Oceania,,2002,0
Oceania,,2004,0
Oceania,,2005,0
Oceania,,2006,0
Oceania,,2007,0
Oceania,,2009,45
Oceania,,2010,95
Oceania,,2011,2
Oceania,,2012,0
Oceania,,2013,0
Oceania,,2014,0
Oceania,,2015,0
Oceania,,2016,0
Oceania,,2017,0
Oceania,,2018,0
Oceania,,2019,0
Oman,OMN,1971,8
Oman,OMN,2015,0
Oman,OMN,2018,0
Oman,OMN,2019,0
Pakistan,PAK,1958,86
Pakistan,PAK,1960,1107
Pakistan,PAK,1965,1
Pakistan,PAK,1968,55
Pakistan,PAK,1969,17
Pakistan,PAK,1970,0
Pakistan,PAK,1971,43
Pakistan,PAK,1977,1
Pakistan,PAK,1981,0
Pakistan,PAK,1993,206
Pakistan,PAK,2010,0
Pakistan,PAK,2011,219
Pakistan,PAK,2012,8
Pakistan,PAK,2013,23
Pakistan,PAK,2014,6
Panama,PAN,1991,29
Panama,PAN,1992,49
Panama,PAN,1993,4
Papua New Guinea,PNG,1962,464
Papua New Guinea,PNG,2005,0
Papua New Guinea,PNG,2009,45
Papua New Guinea,PNG,2010,95
Papua New Guinea,PNG,2011,2
Paraguay,PRY,1993,0
Paraguay,PRY,1996,0
Paraguay,PRY,2009,0
Peru,PER,1991,2909
Peru,PER,1992,801
Peru,PER,1993,575
Peru,PER,1994,199
Peru,PER,1995,171
Peru,PER,1996,21
Peru,PER,1997,29
Peru,PER,1998,568
Peru,PER,1999,6
Peru,PER,2000,6
Peru,PER,2001,0
Peru,PER,2002,0
Philippines,PHL,1961,1405
Philippines,PHL,1962,1682
Philippines,PHL,1963,433
Philippines,PHL,1964,1518
Philippines,PHL,1965,448
Philippines,PHL,1966,273
Philippines,PHL,1967,52
Philippines,PHL,1968,89
Philippines,PHL,1969,106
Philippines,PHL,1970,38
Philippines,PHL,1971,109
Philippines,PHL,1972,78
Philippines,PHL,1973,447
Philippines,PHL,1974,33
Philippines,PHL,1975,15
Philippines,PHL,1976,160
Philippines,PHL,1977,180
Philippines,PHL,1978,122
Philippines,PHL,1979,408
Philippines,PHL,1980,61
Philippines,PHL,1981,51
Philippines,PHL,1982,31
Philippines,PHL,1985,1
Philippines,PHL,1992,0
Philippines,PHL,1993,10
Philippines,PHL,1994,27
Philippines,PHL,1995,4
Philippines,PHL,1996,14
Philippines,PHL,1997,0
Philippines,PHL,1998,17
Philippines,PHL,1999,0
Philippines,PHL,2000,6
Philippines,PHL,2004,3
Philippines,PHL,2005,2
Philippines,PHL,2006,1
Philippines,PHL,2007,0
Philippines,PHL,2010,2
Philippines,PHL,2011,3
Philippines,PHL,2012,14
Philippines,PHL,2013,0
Philippines,PHL,2014,8
Philippines,PHL,2016,0
Philippines,PHL,2017,2
Philippines,PHL,2018,6
Philippines,PHL,2019,8
Philippines,PHL,2020,0
Philippines,PHL,2021,13
Poland,POL,1991,0
Poland,POL,1994,0
Poland,POL,2005,0
Portugal,PRT,1971,4
Portugal,PRT,1974,48
Portugal,PRT,1975,8
Portugal,PRT,1981,0
Portugal,PRT,1994,0
Portugal,PRT,1995,0
Qatar,QAT,2004,0
Qatar,QAT,2005,0
Qatar,QAT,2017,0
Romania,ROU,1979,8
Romania,ROU,1990,1
Romania,ROU,1991,9
Romania,ROU,1992,0
Romania,ROU,1993,0
Romania,ROU,1994,4
Romania,ROU,1995,3
Russia,RUS,1970,0
Russia,RUS,1971,0
Russia,RUS,1976,0
Russia,RUS,1977,0
Russia,RUS,1980,0
Russia,RUS,1981,0
Russia,RUS,1984,0
Russia,RUS,1986,0
Russia,RUS,1990,0
Russia,RUS,1991,0
Russia,RUS,1993,2
Russia,RUS,1994,15
Russia,RUS,1995,0
Russia,RUS,1996,1
Russia,RUS,1997,0
Russia,RUS,1998,0
Russia,RUS,1999,0
Russia,RUS,2001,0
Russia,RUS,2004,0
Russia,RUS,2006,0
Russia,RUS,2010,0
Russia,RUS,2012,0
Russia,RUS,2014,0
Rwanda,RWA,1978,48
Rwanda,RWA,1979,0
Rwanda,RWA,1980,4
Rwanda,RWA,1981,1
Rwanda,RWA,1982,2
Rwanda,RWA,1983,5
Rwanda,RWA,1984,13
Rwanda,RWA,1985,0
Rwanda,RWA,1986,7
Rwanda,RWA,1987,6
Rwanda,RWA,1988,3
Rwanda,RWA,1989,0
Rwanda,RWA,1991,35
Rwanda,RWA,1992,35
Rwanda,RWA,1993,34
Rwanda,RWA,1994,0
Rwanda,RWA,1995,0
Rwanda,RWA,1996,10
Rwanda,RWA,1997,16
Rwanda,RWA,1998,74
Rwanda,RWA,1999,49
Rwanda,RWA,2000,8
Rwanda,RWA,2001,2
Rwanda,RWA,2003,0
Rwanda,RWA,2004,0
Rwanda,RWA,2005,0
Rwanda,RWA,2006,21
Rwanda,RWA,2007,21
Rwanda,RWA,2008,0
Rwanda,RWA,2009,0
Rwanda,RWA,2012,0
Rwanda,RWA,2016,0
Rwanda,RWA,2021,0
Samoa,WSM,1980,0
Sao Tome and Principe,STP,1989,64
Sao Tome and Principe,STP,1990,9
Sao Tome and Principe,STP,1991,1
Sao Tome and Principe,STP,2005,33
Sao Tome and Principe,STP,2006,9
Sao Tome and Principe,STP,2007,0
Sao Tome and Principe,STP,2008,4
Saudi Arabia,SAU,1970,14
Saudi Arabia,SAU,1972,0
Saudi Arabia,SAU,1975,48
Saudi Arabia,SAU,1976,0
Saudi Arabia,SAU,1977,0
Saudi Arabia,SAU,1978,1
Saudi Arabia,SAU,1979,0
Saudi Arabia,SAU,1980,0
Saudi Arabia,SAU,1981,0
Saudi Arabia,SAU,1986,3
Saudi Arabia,SAU,2017,0
Senegal,SEN,1971,60
Senegal,SEN,1972,37
Senegal,SEN,1978,8
Senegal,SEN,1979,3
Senegal,SEN,1981,0
Senegal,SEN,1984,94
Senegal,SEN,1985,474
Senegal,SEN,1986,63
Senegal,SEN,1987,288
Senegal,SEN,1988,1
Senegal,SEN,1995,160
Senegal,SEN,1996,765
Senegal,SEN,1997,11
Senegal,SEN,2004,10
Senegal,SEN,2005,458
Senegal,SEN,2006,10
Senegal,SEN,2007,24
Senegal,SEN,2008,20
Senegal,SEN,2009,0
Senegal,SEN,2010,0
Senegal,SEN,2012,0
Serbia and Montenegro (former),,1976,1
Serbia and Montenegro (former),,1981,0
Serbia and Montenegro (former),,1989,0
Serbia and Montenegro (former),,1994,0
Seychelles,SYC,2005,0
Seychelles,SYC,2006,0
Seychelles,SYC,2007,1
Seychelles,SYC,2008,0
Sierra Leone,SLE,1970,74
Sierra Leone,SLE,1971,13
Sierra Leone,SLE,1977,0
Sierra Leone,SLE,1986,669
Sierra Leone,SLE,1987,30
Sierra Leone,SLE,1994,623
Sierra Leone,SLE,1995,447
Sierra Leone,SLE,1998,57
Sierra Leone,SLE,1999,5
Sierra Leone,SLE,2004,42
Sierra Leone,SLE,2005,0
Sierra Leone,SLE,2006,99
Sierra Leone,SLE,2007,84
Sierra Leone,SLE,2008,1
Sierra Leone,SLE,2012,299
Sierra Leone,SLE,2013,32
Singapore,SGP,1963,2
Singapore,SGP,1964,3
Singapore,SGP,1968,0
Singapore,SGP,1969,4
Singapore,SGP,1972,3
Singapore,SGP,1973,0
Singapore,SGP,1974,0
Singapore,SGP,1975,0
Singapore,SGP,1977,0
Singapore,SGP,1978,0
Singapore,SGP,1979,0
Singapore,SGP,1980,0
Singapore,SGP,1981,0
Singapore,SGP,1982,0
Singapore,SGP,1983,0
Singapore,SGP,1984,8
Singapore,SGP,1985,1
Singapore,SGP,1986,0
Singapore,SGP,1987,0
Singapore,SGP,1988,0
Singapore,SGP,1989,0
Singapore,SGP,1990,0
Singapore,SGP,1991,2
Singapore,SGP,1992,0
Singapore,SGP,1993,0
Singapore,SGP,1994,1
Singapore,SGP,1995,0
Singapore,SGP,1996,1
Singapore,SGP,1997,0
Singapore,SGP,1998,2
Singapore,SGP,1999,0
Singapore,SGP,2000,0
Singapore,SGP,2001,0
Singapore,SGP,2003,0
Singapore,SGP,2004,1
Singapore,SGP,2012,0
Singapore,SGP,2013,0
Singapore,SGP,2014,0
Singapore,SGP,2017,0
Singapore,SGP,2018,0
Singapore,SGP,2019,0
Slovenia,SVN,2007,0
Somalia,SOM,1970,10
Somalia,SOM,1971,10
Somalia,SOM,1985,1589
Somalia,SOM,1986,1945
Somalia,SOM,1994,1206
Somalia,SOM,1995,191
Somalia,SOM,1996,464
Somalia,SOM,1997,252
Somalia,SOM,1998,196
Somalia,SOM,1999,693
Somalia,SOM,2000,563
Somalia,SOM,2001,93
Somalia,SOM,2002,159
Somalia,SOM,2003,56
Somalia,SOM,2004,26
Somalia,SOM,2007,1182
Somalia,SOM,2008,16
Somalia,SOM,2009,3
Somalia,SOM,2010,103
Somalia,SOM,2011,1130
Somalia,SOM,2012,200
Somalia,SOM,2013,140
Somalia,SOM,2015,84
Somalia,SOM,2016,548
Somalia,SOM,2017,1004
Somalia,SOM,2018,45
Somalia,SOM,2019,4
Somalia,SOM,2020,44
Somalia,SOM,2021,32
South Africa,ZAF,1973,0
South Africa,ZAF,1974,0
South Africa,ZAF,1979,0
South Africa,ZAF,1980,16
South Africa,ZAF,1981,52
South Africa,ZAF,1982,224
South Africa,ZAF,1983,63
South Africa,ZAF,1984,20
South Africa,ZAF,1985,4
South Africa,ZAF,1986,1
South Africa,ZAF,1987,0
South Africa,ZAF,1991,0
South Africa,ZAF,1992,0
South Africa,ZAF,1993,2
South Africa,ZAF,1994,0
South Africa,ZAF,1998,1
South Africa,ZAF,1999,2
South Africa,ZAF,2000,68
South Africa,ZAF,2001,232
South Africa,ZAF,2002,32
South Africa,ZAF,2003,45
South Africa,ZAF,2004,35
South Africa,ZAF,2005,28
South Africa,ZAF,2006,0
South Africa,ZAF,2008,22
South Africa,ZAF,2009,57
South Africa,ZAF,2013,0
South America,,1991,3862
South America,,1992,2018
South America,,1993,1591
South America,,1994,742
South America,,1995,369
South America,,1996,218
South America,,1997,190
South America,,1998,655
South America,,1999,97
South America,,2000,24
South America,,2001,0
South America,,2002,0
South America,,2003,0
South America,,2004,0
South America,,2005,0
South America,,2009,0
South America,,2011,0
South America,,2013,0
South America,,2014,0
South Korea,KOR,1963,38
South Korea,KOR,1964,1
South Korea,KOR,1969,137
South Korea,KOR,1970,23
South Korea,KOR,1980,4
South Korea,KOR,1991,4
South Korea,KOR,1992,0
South Korea,KOR,1993,0
South Korea,KOR,1994,0
South Korea,KOR,1995,0
South Korea,KOR,1997,0
South Korea,KOR,2001,0
South Korea,KOR,2004,0
South Korea,KOR,2010,0
South Korea,KOR,2013,0
South Korea,KOR,2016,0
South Korea,KOR,2017,0
South Korea,KOR,2018,0
South Korea,KOR,2019,0
South Sudan,SSD,2014,167
South Sudan,SSD,2015,47
South Sudan,SSD,2016,82
South Sudan,SSD,2017,353
Spain,ESP,1975,0
Spain,ESP,1976,0
Spain,ESP,1980,0
Spain,ESP,1982,0
Spain,ESP,1983,0
Spain,ESP,1987,0
Spain,ESP,1989,0
Spain,ESP,1990,0
Spain,ESP,1991,0
Spain,ESP,1993,0
Spain,ESP,1994,0
Spain,ESP,1995,0
Spain,ESP,1996,0
Spain,ESP,2006,0
Spain,ESP,2007,0
Spain,ESP,2008,0
Spain,ESP,2015,0
Sri Lanka,LKA,1973,13
Sri Lanka,LKA,1974,333
Sri Lanka,LKA,1975,67
Sri Lanka,LKA,1976,16
Sri Lanka,LKA,1977,0
Sri Lanka,LKA,1978,2
Sri Lanka,LKA,1979,0
Sri Lanka,LKA,1980,4
Sri Lanka,LKA,1981,57
Sri Lanka,LKA,1982,21
Sri Lanka,LKA,1983,2
Sri Lanka,LKA,1988,11
Sri Lanka,LKA,1991,2
Sri Lanka,LKA,1992,3
Sri Lanka,LKA,1993,0
Sri Lanka,LKA,1997,12
Sri Lanka,LKA,1998,49
Sri Lanka,LKA,1999,5
Sri Lanka,LKA,2000,0
Sri Lanka,LKA,2002,1
Sudan,SDN,1979,176
Sudan,SDN,1980,2
Sudan,SDN,1985,239
Sudan,SDN,1999,0
Sudan,SDN,2006,1011
Sudan,SDN,2007,500
Sudan,SDN,2008,118
Sudan,SDN,2009,52
Sudan,SDN,2019,11
Sudan,SDN,2020,0
Sudan,SDN,2021,0
Suriname,SUR,1992,1
Sweden,SWE,1971,0
Sweden,SWE,1973,0
Sweden,SWE,1974,0
Sweden,SWE,1976,0
Sweden,SWE,1979,0
Sweden,SWE,1984,0
Sweden,SWE,1986,0
Sweden,SWE,1987,0
Sweden,SWE,1992,0
Sweden,SWE,1994,0
Sweden,SWE,1995,0
Sweden,SWE,1996,0
Sweden,SWE,2004,0
Sweden,SWE,2006,0
Sweden,SWE,2011,0
Sweden,SWE,2015,0
Switzerland,CHE,1977,0
Switzerland,CHE,1978,0
Switzerland,CHE,1980,0
Switzerland,CHE,1985,0
Switzerland,CHE,1988,0
Switzerland,CHE,1992,0
Switzerland,CHE,1993,0
Switzerland,CHE,1995,0
Switzerland,CHE,2006,0
Switzerland,CHE,2015,0
Syria,SYR,1970,0
Syria,SYR,1971,0
Syria,SYR,1972,25
Syria,SYR,1975,6
Syria,SYR,1976,11
Syria,SYR,1977,66
Syria,SYR,1979,30
Taiwan,TWN,2020,0
Tajikistan,TJK,1993,5
Tajikistan,TJK,1994,0
Tanzania,TZA,1974,6
Tanzania,TZA,1977,26
Tanzania,TZA,1978,733
Tanzania,TZA,1979,305
Tanzania,TZA,1980,587
Tanzania,TZA,1981,330
Tanzania,TZA,1982,324
Tanzania,TZA,1983,127
Tanzania,TZA,1984,338
Tanzania,TZA,1985,250
Tanzania,TZA,1986,215
Tanzania,TZA,1987,232
Tanzania,TZA,1988,580
Tanzania,TZA,1989,232
Tanzania,TZA,1990,81
Tanzania,TZA,1991,572
Tanzania,TZA,1992,2173
Tanzania,TZA,1993,74
Tanzania,TZA,1994,155
Tanzania,TZA,1995,96
Tanzania,TZA,1996,36
Tanzania,TZA,1997,2231
Tanzania,TZA,1998,608
Tanzania,TZA,1999,584
Tanzania,TZA,2000,156
Tanzania,TZA,2001,52
Tanzania,TZA,2002,297
Tanzania,TZA,2003,32
Tanzania,TZA,2004,272
Tanzania,TZA,2005,94
Tanzania,TZA,2006,254
Tanzania,TZA,2007,65
Tanzania,TZA,2008,88
Tanzania,TZA,2009,113
Tanzania,TZA,2010,59
Tanzania,TZA,2011,11
Tanzania,TZA,2012,4
Tanzania,TZA,2013,17
Tanzania,TZA,2015,144
Tanzania,TZA,2016,172
Tanzania,TZA,2017,99
Tanzania,TZA,2018,84
Tanzania,TZA,2021,0
Thailand,THA,1949,2
Thailand,THA,1951,0
Thailand,THA,1958,1426
Thailand,THA,1959,613
Thailand,THA,1963,156
Thailand,THA,1964,30
Thailand,THA,1965,4
Thailand,THA,1966,21
Thailand,THA,1967,6
Thailand,THA,1968,21
Thailand,THA,1969,40
Thailand,THA,1973,33
Thailand,THA,1974,64
Thailand,THA,1975,88
Thailand,THA,1976,0
Thailand,THA,1977,5
Thailand,THA,1978,123
Thailand,THA,1979,44
Thailand,THA,1980,85
Thailand,THA,1981,2
Thailand,THA,1982,16
Thailand,THA,1983,41
Thailand,THA,1984,19
Thailand,THA,1985,14
Thailand,THA,1986,1
Thailand,THA,1987,36
Thailand,THA,1988,41
Thailand,THA,1994,5
Thailand,THA,2006,0
Thailand,THA,2007,7
Thailand,THA,2008,3
Thailand,THA,2009,2
Thailand,THA,2010,15
Thailand,THA,2011,4
Thailand,THA,2012,0
Thailand,THA,2013,0
Thailand,THA,2014,0
Thailand,THA,2015,1
Thailand,THA,2016,1
Thailand,THA,2017,0
Thailand,THA,2018,0
Thailand,THA,2019,1
Thailand,THA,2020,1
Thailand,THA,2021,0
Togo,TGO,1970,3
Togo,TGO,1971,26
Togo,TGO,1972,0
Togo,TGO,1974,8
Togo,TGO,1977,12
Togo,TGO,1978,6
Togo,TGO,1988,0
Togo,TGO,1991,81
Togo,TGO,1992,53
Togo,TGO,1993,2
Togo,TGO,1994,5
Togo,TGO,1995,4
Togo,TGO,1996,17
Togo,TGO,1997,7
Togo,TGO,1998,221
Togo,TGO,1999,31
Togo,TGO,2000,23
Togo,TGO,2001,130
Togo,TGO,2002,14
Togo,TGO,2003,28
Togo,TGO,2004,33
Togo,TGO,2005,15
Togo,TGO,2006,25
Togo,TGO,2007,1
Togo,TGO,2008,3
Togo,TGO,2009,1
Togo,TGO,2010,3
Togo,TGO,2011,0
Togo,TGO,2012,1
Togo,TGO,2013,4
Togo,TGO,2014,11
Togo,TGO,2015,1
Togo,TGO,2020,2
Togo,TGO,2021,5
Tonga,TON,2001,2
Tunisia,TUN,1970,0
Tunisia,TUN,1972,0
Tunisia,TUN,1973,16
Turkey,TUR,1970,52
Turkey,TUR,1977,0
Turkmenistan,TKM,1994,0
Turkmenistan,TKM,1997,0
Turkmenistan,TKM,2001,6
Turkmenistan,TKM,2002,2
Tuvalu,TUV,1990,0
Tuvalu,TUV,1992,8
Uganda,UGA,1971,30
Uganda,UGA,1975,0
Uganda,UGA,1978,110
Uganda,UGA,1979,60
Uganda,UGA,1980,181
Uganda,UGA,1982,48
Uganda,UGA,1987,50
Uganda,UGA,1991,28
Uganda,UGA,1992,104
Uganda,UGA,1994,39
Uganda,UGA,1995,66
Uganda,UGA,1996,40
Uganda,UGA,1997,188
Uganda,UGA,1998,2064
Uganda,UGA,1999,228
Uganda,UGA,2000,172
Uganda,UGA,2001,4
Uganda,UGA,2002,133
Uganda,UGA,2003,129
Uganda,UGA,2004,91
Uganda,UGA,2005,98
Uganda,UGA,2006,106
Uganda,UGA,2007,3
Uganda,UGA,2008,120
Uganda,UGA,2009,23
Uganda,UGA,2010,78
Uganda,UGA,2012,135
Uganda,UGA,2013,27
Uganda,UGA,2014,9
Uganda,UGA,2015,33
Uganda,UGA,2016,11
Uganda,UGA,2017,0
Uganda,UGA,2018,90
Uganda,UGA,2019,5
Uganda,UGA,2020,18
Uganda,UGA,2021,0
Ukraine,UKR,1991,0
Ukraine,UKR,1994,20
Ukraine,UKR,1995,10
Ukraine,UKR,1999,0
Ukraine,UKR,2007,0
Ukraine,UKR,2011,0
United Arab Emirates,ARE,1972,0
United Arab Emirates,ARE,2017,0
United Arab Emirates,ARE,2020,0
United Arab Emirates,ARE,2021,0
United Kingdom,GBR,1970,0
United Kingdom,GBR,1971,0
United Kingdom,GBR,1972,0
United Kingdom,GBR,1973,0
United Kingdom,GBR,1974,0
United Kingdom,GBR,1975,0
United Kingdom,GBR,1976,0
United Kingdom,GBR,1977,0
United Kingdom,GBR,1981,0
United Kingdom,GBR,1982,0
United Kingdom,GBR,1983,0
United Kingdom,GBR,1984,0
United Kingdom,GBR,1985,1
United Kingdom,GBR,1986,0
United Kingdom,GBR,1987,0
United Kingdom,GBR,1988,0
United Kingdom,GBR,1989,0
United Kingdom,GBR,1990,0
United Kingdom,GBR,1991,0
United Kingdom,GBR,1992,0
United Kingdom,GBR,1993,0
United Kingdom,GBR,1994,0
United Kingdom,GBR,1995,0
United Kingdom,GBR,1996,0
United Kingdom,GBR,1997,0
United Kingdom,GBR,1998,0
United Kingdom,GBR,2004,0
United Kingdom,GBR,2006,0
United Kingdom,GBR,2007,0
United Kingdom,GBR,2008,0
United Kingdom,GBR,2009,0
United Kingdom,GBR,2010,0
United Kingdom,GBR,2011,0
United Kingdom,GBR,2012,0
United Kingdom,GBR,2013,0
United Kingdom,GBR,2014,0
United Kingdom,GBR,2015,0
United Kingdom,GBR,2016,0
United States,USA,1987,0
United States,USA,1988,0
United States,USA,1990,0
United States,USA,1991,0
United States,USA,1992,1
United States,USA,1993,0
United States,USA,1994,0
United States,USA,1995,0
United States,USA,1996,0
United States,USA,1997,0
United States,USA,1998,0
United States,USA,1999,0
United States,USA,2000,0
United States,USA,2004,0
United States,USA,2005,0
United States,USA,2006,0
United States,USA,2007,0
United States,USA,2008,0
United States,USA,2009,0
United States,USA,2010,0
United States,USA,2011,0
United States,USA,2012,0
United States,USA,2013,0
United States,USA,2014,0
United States,USA,2015,0
United States,USA,2016,0
United States,USA,2017,0
United States,USA,2018,0
Uzbekistan,UZB,1994,0
Venezuela,VEN,1991,2
Venezuela,VEN,1992,68
Venezuela,VEN,1993,10
Venezuela,VEN,1996,9
Venezuela,VEN,1997,59
Venezuela,VEN,1998,7
Venezuela,VEN,1999,8
Venezuela,VEN,2000,0
Venezuela,VEN,2011,0
Venezuela,VEN,2013,0
Vietnam,VNM,1950,4
Vietnam,VNM,1951,21
Vietnam,VNM,1952,6
Vietnam,VNM,1953,7
Vietnam,VNM,1954,3
Vietnam,VNM,1964,872
Vietnam,VNM,1965,29
Vietnam,VNM,1966,167
Vietnam,VNM,1967,71
Vietnam,VNM,1968,8
Vietnam,VNM,1969,26
Vietnam,VNM,1970,1
Vietnam,VNM,1971,1
Vietnam,VNM,1972,1
Vietnam,VNM,1973,18
Vietnam,VNM,1974,2
Vietnam,VNM,1975,0
Vietnam,VNM,1976,0
Vietnam,VNM,1977,0
Vietnam,VNM,1978,0
Vietnam,VNM,1979,28
Vietnam,VNM,1980,49
Vietnam,VNM,1981,8
Vietnam,VNM,1982,0
Vietnam,VNM,1983,0
Vietnam,VNM,1984,0
Vietnam,VNM,1985,9
Vietnam,VNM,1986,8
Vietnam,VNM,1987,5
Vietnam,VNM,1988,7
Vietnam,VNM,1989,0
Vietnam,VNM,1990,4
Vietnam,VNM,1991,1
Vietnam,VNM,1992,110
Vietnam,VNM,1993,9
Vietnam,VNM,1994,68
Vietnam,VNM,1995,45
Vietnam,VNM,1996,2
Vietnam,VNM,1997,0
Vietnam,VNM,1998,1
Vietnam,VNM,1999,0
Vietnam,VNM,2005,0
Vietnam,VNM,2007,0
Vietnam,VNM,2008,0
Vietnam,VNM,2009,1
Vietnam,VNM,2010,0
World,OWID_WRL,1949,3
World,OWID_WRL,1950,16133
World,OWID_WRL,1951,58661
World,OWID_WRL,1952,71397
World,OWID_WRL,1953,141173
World,OWID_WRL,1954,28835
World,OWID_WRL,1955,17476
World,OWID_WRL,1956,32523
World,OWID_WRL,1957,54853
World,OWID_WRL,1958,61836
World,OWID_WRL,1959,19367
World,OWID_WRL,1960,7800
World,OWID_WRL,1961,30528
World,OWID_WRL,1962,30695
World,OWID_WRL,1963,19137
World,OWID_WRL,1964,22289
World,OWID_WRL,1965,13996
World,OWID_WRL,1966,4572
World,OWID_WRL,1967,637
World,OWID_WRL,1968,830
World,OWID_WRL,1969,2209
World,OWID_WRL,1970,7533
World,OWID_WRL,1971,26132
World,OWID_WRL,1972,10658
World,OWID_WRL,1973,10081
World,OWID_WRL,1974,7649
World,OWID_WRL,1975,7079
World,OWID_WRL,1976,3950
World,OWID_WRL,1977,2177
World,OWID_WRL,1978,3354
World,OWID_WRL,1979,3478
World,OWID_WRL,1980,1954
World,OWID_WRL,1981,2441
World,OWID_WRL,1982,3821
World,OWID_WRL,1983,2668
World,OWID_WRL,1984,1830
World,OWID_WRL,1985,4114
World,OWID_WRL,1986,3966
World,OWID_WRL,1987,3009
World,OWID_WRL,1988,2855
World,OWID_WRL,1989,1711
World,OWID_WRL,1990,2802
World,OWID_WRL,1991,19302
World,OWID_WRL,1992,8214
World,OWID_WRL,1993,6761
World,OWID_WRL,1994,10750
World,OWID_WRL,1995,5045
World,OWID_WRL,1996,6418
World,OWID_WRL,1997,6371
World,OWID_WRL,1998,10832
World,OWID_WRL,1999,9221
World,OWID_WRL,2000,5269
World,OWID_WRL,2001,2897
World,OWID_WRL,2002,4564
World,OWID_WRL,2003,1894
World,OWID_WRL,2004,2345
World,OWID_WRL,2005,2272
World,OWID_WRL,2006,6300
World,OWID_WRL,2007,4033
World,OWID_WRL,2008,5143
World,OWID_WRL,2009,4946
World,OWID_WRL,2010,7543
World,OWID_WRL,2011,7781
World,OWID_WRL,2012,3034
World,OWID_WRL,2013,2102
World,OWID_WRL,2014,2231
World,OWID_WRL,2015,1304
World,OWID_WRL,2016,2420
World,OWID_WRL,2017,5654
World,OWID_WRL,2018,2990
World,OWID_WRL,2019,1991
World,OWID_WRL,2020,857
World,OWID_WRL,2021,4159
Yemen,YEM,1971,26
Yemen,YEM,1972,140
Yemen,YEM,1973,23
Yemen,YEM,1974,1
Yemen,YEM,1975,0
Yemen,YEM,1978,12
Yemen,YEM,1979,45
Yemen,YEM,1980,20
Yemen,YEM,1992,0
Yemen,YEM,2009,3
Yemen,YEM,2010,4
Yemen,YEM,2011,134
Yemen,YEM,2016,164
Yemen,YEM,2017,2261
Yemen,YEM,2018,505
Yemen,YEM,2019,1025
Yemen,YEM,2020,115
Yemen,YEM,2021,45
Zambia,ZMB,1978,36
Zambia,ZMB,1979,11
Zambia,ZMB,1980,17
Zambia,ZMB,1981,0
Zambia,ZMB,1982,131
Zambia,ZMB,1983,19
Zambia,ZMB,1989,44
Zambia,ZMB,1990,315
Zambia,ZMB,1991,1091
Zambia,ZMB,1992,913
Zambia,ZMB,1993,426
Zambia,ZMB,1996,42
Zambia,ZMB,1997,0
Zambia,ZMB,1998,0
Zambia,ZMB,1999,535
Zambia,ZMB,2000,303
Zambia,ZMB,2001,165
Zambia,ZMB,2002,12
Zambia,ZMB,2003,29
Zambia,ZMB,2004,373
Zambia,ZMB,2005,7
Zambia,ZMB,2006,183
Zambia,ZMB,2007,35
Zambia,ZMB,2008,39
Zambia,ZMB,2009,80
Zambia,ZMB,2010,62
Zambia,ZMB,2011,7
Zambia,ZMB,2012,2
Zambia,ZMB,2017,57
Zambia,ZMB,2018,74
Zambia,ZMB,2019,9
Zimbabwe,ZWE,1974,0
Zimbabwe,ZWE,1975,33
Zimbabwe,ZWE,1976,9
Zimbabwe,ZWE,1985,6
Zimbabwe,ZWE,1992,105
Zimbabwe,ZWE,1993,332
Zimbabwe,ZWE,1998,44
Zimbabwe,ZWE,1999,385
Zimbabwe,ZWE,2000,223
Zimbabwe,ZWE,2001,14
Zimbabwe,ZWE,2002,192
Zimbabwe,ZWE,2003,35
Zimbabwe,ZWE,2004,9
Zimbabwe,ZWE,2005,26
Zimbabwe,ZWE,2006,61
Zimbabwe,ZWE,2007,4
Zimbabwe,ZWE,2008,2928
Zimbabwe,ZWE,2009,2706
Zimbabwe,ZWE,2010,21
Zimbabwe,ZWE,2011,2
Zimbabwe,ZWE,2012,1
Zimbabwe,ZWE,2015,0
Zimbabwe,ZWE,2016,1
Zimbabwe,ZWE,2018,65
Zimbabwe,ZWE,2019,3